task_id,scene,environment,PRN,channel,event_id,window_id,path_id,excess_delay_samples,excess_delay_chips,relative_doppler_hz,absolute_relative_doppler_hz,relative_power_db,source_event_maximum_coherence,persistence_minimum_path_run,source_run_class,inclusion_tier,scientific_usable,production_accepted,source_QA_report,source_artifact_path
F1023_V70_D0117_P2__G06__legacy_v1,F1023_V70_D0117_P2,Mountain/Valley,G06,ch4,F1023_V70_D0117_P2__G06__legacy_v1__W203,203,2,1.6,0.16,149.664302095285,149.664302095285,18.1925666578273,0.332663568587033,3,reference_legacy,Tier C,yes_bounded_validation,no,scenes/F1023_V70_D0117_P2/sage_results/reference_scene_final_validation_report.md,E:\GNSS_Multipath_Project\scenes\F1023_V70_D0117_P2\sage_results\G06_nav_sage_v1\stage4_joint_paths.csv
F1023_V70_D0117_P2__G06__legacy_v1,F1023_V70_D0117_P2,Mountain/Valley,G06,ch4,F1023_V70_D0117_P2__G06__legacy_v1__W203,203,3,2.6,0.26,199.664302095285,199.664302095285,6.90251779249983,0.332663568587033,3,reference_legacy,Tier C,yes_bounded_validation,no,scenes/F1023_V70_D0117_P2/sage_results/reference_scene_final_validation_report.md,E:\GNSS_Multipath_Project\scenes\F1023_V70_D0117_P2\sage_results\G06_nav_sage_v1\stage4_joint_paths.csv
F1023_V70_D0117_P2__G06__legacy_v1,F1023_V70_D0117_P2,Mountain/Valley,G06,ch4,F1023_V70_D0117_P2__G06__legacy_v1__W203,203,4,8.3,0.83,149.664302095285,149.664302095285,7.10459556932589,0.332663568587033,3,reference_legacy,Tier C,yes_bounded_validation,no,scenes/F1023_V70_D0117_P2/sage_results/reference_scene_final_validation_report.md,E:\GNSS_Multipath_Project\scenes\F1023_V70_D0117_P2\sage_results\G06_nav_sage_v1\stage4_joint_paths.csv
F1023_V70_D0117_P2__G06__legacy_v1,F1023_V70_D0117_P2,Mountain/Valley,G06,ch4,F1023_V70_D0117_P2__G06__legacy_v1__W264,264,2,3.9,0.39,159.664302095285,159.664302095285,22.0595478928251,0.0345984052988583,3,reference_legacy,Tier C,yes_bounded_validation,no,scenes/F1023_V70_D0117_P2/sage_results/reference_scene_final_validation_report.md,E:\GNSS_Multipath_Project\scenes\F1023_V70_D0117_P2\sage_results\G06_nav_sage_v1\stage4_joint_paths.csv
F1023_V70_D0117_P2__G11__ch5__nav_sage_v2,F1023_V70_D0117_P2,Mountain/Valley,G11,ch5,F1023_V70_D0117_P2__G11__ch5__nav_sage_v2__W640,640,2,1.1,0.11,-10.0131071441147,10.0131071441147,-7.40707303905307,0.828953909618323,3,unclassified,Tier B,yes,no,scenes/F1023_V70_D0117_P2/sage_results/reference_scene_final_validation_report.md,E:\GNSS_Multipath_Project\scenes\F1023_V70_D0117_P2\sage_results\nav_sage_v2\G11\stage4_joint_paths.csv
F1023_V70_D0117_P2__G12__ch6__nav_sage_v2,F1023_V70_D0117_P2,Mountain/Valley,G12,ch6,F1023_V70_D0117_P2__G12__ch6__nav_sage_v2__W970,970,2,1.1,0.11,24.4273194846846,24.4273194846846,-15.9205381372127,0.57707296631149,3,unclassified,Tier B,yes,no,scenes/F1023_V70_D0117_P2/sage_results/reference_scene_final_validation_report.md,E:\GNSS_Multipath_Project\scenes\F1023_V70_D0117_P2\sage_results\nav_sage_v2\G12\stage4_joint_paths.csv
F1023_V70_D0117_P2__G12__ch6__nav_sage_v2,F1023_V70_D0117_P2,Mountain/Valley,G12,ch6,F1023_V70_D0117_P2__G12__ch6__nav_sage_v2__W971,971,2,1.1,0.11,-0.599714753362605,0.599714753362605,-5.11357332637876,0.886065263763938,3,unclassified,Tier B,yes,no,scenes/F1023_V70_D0117_P2/sage_results/reference_scene_final_validation_report.md,E:\GNSS_Multipath_Project\scenes\F1023_V70_D0117_P2\sage_results\nav_sage_v2\G12\stage4_joint_paths.csv
F1023_V70_D0117_P2__G29__ch7__nav_sage_v2,F1023_V70_D0117_P2,Mountain/Valley,G29,ch7,F1023_V70_D0117_P2__G29__ch7__nav_sage_v2__W80,80,2,1.1,0.11,-5.33569790471529,5.33569790471529,-3.15175805378153,0.869766075861875,3,unclassified,Tier B,yes,no,scenes/F1023_V70_D0117_P2/sage_results/reference_scene_final_validation_report.md,E:\GNSS_Multipath_Project\scenes\F1023_V70_D0117_P2\sage_results\nav_sage_v2\G29\stage4_joint_paths.csv
F1023_V70_D0117_P2__G32__ch11__nav_sage_v2,F1023_V70_D0117_P2,Mountain/Valley,G32,ch11,F1023_V70_D0117_P2__G32__ch11__nav_sage_v2__W82,82,2,1.1,0.11,19.6643020952852,19.6643020952852,-11.3788478128685,0.677379903430233,3,unclassified,Tier B,yes,no,scenes/F1023_V70_D0117_P2/sage_results/reference_scene_final_validation_report.md,E:\GNSS_Multipath_Project\scenes\F1023_V70_D0117_P2\sage_results\nav_sage_v2\G32\stage4_joint_paths.csv
F1023_V70_D0117_P2__G32__ch11__nav_sage_v2,F1023_V70_D0117_P2,Mountain/Valley,G32,ch11,F1023_V70_D0117_P2__G32__ch11__nav_sage_v2__W82,82,3,2.5,0.25,-65.3356979047148,65.3356979047148,-19.5141130728681,0.677379903430233,3,unclassified,Tier B,yes,no,scenes/F1023_V70_D0117_P2/sage_results/reference_scene_final_validation_report.md,E:\GNSS_Multipath_Project\scenes\F1023_V70_D0117_P2\sage_results\nav_sage_v2\G32\stage4_joint_paths.csv
F1023_V70_D0117_P2__G32__ch11__nav_sage_v2,F1023_V70_D0117_P2,Mountain/Valley,G32,ch11,F1023_V70_D0117_P2__G32__ch11__nav_sage_v2__W84,84,2,1.1,0.11,14.6643020952852,14.6643020952852,-8.83634983938613,0.766090552367406,3,unclassified,Tier B,yes,no,scenes/F1023_V70_D0117_P2/sage_results/reference_scene_final_validation_report.md,E:\GNSS_Multipath_Project\scenes\F1023_V70_D0117_P2\sage_results\nav_sage_v2\G32\stage4_joint_paths.csv
F1023_V70_D0117_P4__G11__ch2__nav_sage_v2,F1023_V70_D0117_P4,Mountain/Valley,G11,ch2,F1023_V70_D0117_P4__G11__ch2__nav_sage_v2__W526,526,2,1.1,0.11,-9.50258948890132,9.50258948890132,-9.93285782072306,0.83454821898435,3,unclassified,Tier A,yes,yes,docs/10MHz_FULL_SAGE_PRODUCTION_A1_G11_QA_REPORT.md,E:\GNSS_Multipath_Project\scenes\F1023_V70_D0117_P4\sage_results\nav_sage_v2\G11\stage4_joint_paths.csv
F1023_V70_D0117_P4__G11__ch2__nav_sage_v2,F1023_V70_D0117_P4,Mountain/Valley,G11,ch2,F1023_V70_D0117_P4__G11__ch2__nav_sage_v2__W72,72,2,1.7,0.17,49.6643020952852,49.6643020952852,-16.7107127457595,0.00556188439488439,3,unclassified,Tier A,yes,yes,docs/10MHz_FULL_SAGE_PRODUCTION_A1_G11_QA_REPORT.md,E:\GNSS_Multipath_Project\scenes\F1023_V70_D0117_P4\sage_results\nav_sage_v2\G11\stage4_joint_paths.csv
F1023_V70_D0117_P4__G11__ch2__nav_sage_v2,F1023_V70_D0117_P4,Mountain/Valley,G11,ch2,F1023_V70_D0117_P4__G11__ch2__nav_sage_v2__W73,73,2,1,0.1,49.6643020952852,49.6643020952852,-14.6694586092561,0.00608230841124397,3,unclassified,Tier A,yes,yes,docs/10MHz_FULL_SAGE_PRODUCTION_A1_G11_QA_REPORT.md,E:\GNSS_Multipath_Project\scenes\F1023_V70_D0117_P4\sage_results\nav_sage_v2\G11\stage4_joint_paths.csv
F1023_V70_D0117_P4__G12__ch4__nav_sage_v2,F1023_V70_D0117_P4,Mountain/Valley,G12,ch4,F1023_V70_D0117_P4__G12__ch4__nav_sage_v2__W163,163,2,1.1,0.11,8.21546815754027,8.21546815754027,-4.70466223128433,0.847437066167697,3,unclassified,Tier A,yes,yes,docs/10MHz_FULL_SAGE_PRODUCTION_CONTRACT_ACCEPTANCE_G12_QA_REPORT.md,E:\GNSS_Multipath_Project\scenes\F1023_V70_D0117_P4\sage_results\nav_sage_v2\G12\stage4_joint_paths.csv
F1023_V70_D0117_P4__G12__ch4__nav_sage_v2,F1023_V70_D0117_P4,Mountain/Valley,G12,ch4,F1023_V70_D0117_P4__G12__ch4__nav_sage_v2__W289,289,2,1.2,0.12,-24.1522257641154,24.1522257641154,-16.8404822949133,0.574722221159376,3,unclassified,Tier A,yes,yes,docs/10MHz_FULL_SAGE_PRODUCTION_CONTRACT_ACCEPTANCE_G12_QA_REPORT.md,E:\GNSS_Multipath_Project\scenes\F1023_V70_D0117_P4\sage_results\nav_sage_v2\G12\stage4_joint_paths.csv
F1023_V70_D0117_P4__G12__ch4__nav_sage_v2,F1023_V70_D0117_P4,Mountain/Valley,G12,ch4,F1023_V70_D0117_P4__G12__ch4__nav_sage_v2__W290,290,2,1,0.1,-29.0981572880219,29.0981572880219,-19.7731101233046,0.475980652097147,3,unclassified,Tier A,yes,yes,docs/10MHz_FULL_SAGE_PRODUCTION_CONTRACT_ACCEPTANCE_G12_QA_REPORT.md,E:\GNSS_Multipath_Project\scenes\F1023_V70_D0117_P4\sage_results\nav_sage_v2\G12\stage4_joint_paths.csv
F1023_V70_D0120_P7__G16__ch1__nav_sage_v2,F1023_V70_D0120_P7,Urban,G16,ch1,F1023_V70_D0120_P7__G16__ch1__nav_sage_v2__W1337,1337,2,1.2,0.12,19.6531946392915,19.6531946392915,-4.58937266936016,0.667758755296701,3,unclassified,Tier B,yes,no,docs/PILOT1_G16_QA_REPORT.md,E:\GNSS_Multipath_Project\scenes\F1023_V70_D0120_P7\sage_results\nav_sage_v2\G16\stage4_joint_paths.csv
F1023_V70_D0120_P7__G16__ch1__nav_sage_v2,F1023_V70_D0120_P7,Urban,G16,ch1,F1023_V70_D0120_P7__G16__ch1__nav_sage_v2__W1338,1338,2,1,0.1,19.9105605851228,19.9105605851228,-3.2640237615348,0.682871072698391,3,unclassified,Tier B,yes,no,docs/PILOT1_G16_QA_REPORT.md,E:\GNSS_Multipath_Project\scenes\F1023_V70_D0120_P7\sage_results\nav_sage_v2\G16\stage4_joint_paths.csv
F1023_V70_D0120_P7__G16__ch1__nav_sage_v2,F1023_V70_D0120_P7,Urban,G16,ch1,F1023_V70_D0120_P7__G16__ch1__nav_sage_v2__W1406,1406,2,1.1,0.11,-3.04226548844508,3.04226548844508,-6.33787090964272,0.88088960271598,4,unclassified,Tier B,yes,no,docs/PILOT1_G16_QA_REPORT.md,E:\GNSS_Multipath_Project\scenes\F1023_V70_D0120_P7\sage_results\nav_sage_v2\G16\stage4_joint_paths.csv
F1023_V70_D0120_P7__G16__ch1__nav_sage_v2,F1023_V70_D0120_P7,Urban,G16,ch1,F1023_V70_D0120_P7__G16__ch1__nav_sage_v2__W2079,2079,2,1.1,0.11,-3.82041692625126,3.82041692625126,-5.09251942800389,0.877790145585981,4,unclassified,Tier B,yes,no,docs/PILOT1_G16_QA_REPORT.md,E:\GNSS_Multipath_Project\scenes\F1023_V70_D0120_P7\sage_results\nav_sage_v2\G16\stage4_joint_paths.csv
F1023_V70_D0120_P9__G05__ch10__nav_sage_v2,F1023_V70_D0120_P9,Special Reflective,G05,ch10,F1023_V70_D0120_P9__G05__ch10__nav_sage_v2__W493,493,2,1.1,0.11,11.7153663155214,11.7153663155214,-8.4373821093183,0.808379706131809,5,unclassified,Tier A,yes,yes,docs/10MHz_FULL_SAGE_PRODUCTION_T1_1_G05_QA_REPORT.md,E:\GNSS_Multipath_Project\scenes\F1023_V70_D0120_P9\sage_results\nav_sage_v2\G05\stage4_joint_paths.csv
F1023_V70_D0120_P9__G05__ch10__nav_sage_v2,F1023_V70_D0120_P9,Special Reflective,G05,ch10,F1023_V70_D0120_P9__G05__ch10__nav_sage_v2__W495,495,2,1.2,0.12,11.9467793930344,11.9467793930344,-4.11970433692207,0.793658893110847,3,unclassified,Tier A,yes,yes,docs/10MHz_FULL_SAGE_PRODUCTION_T1_1_G05_QA_REPORT.md,E:\GNSS_Multipath_Project\scenes\F1023_V70_D0120_P9\sage_results\nav_sage_v2\G05\stage4_joint_paths.csv
F1023_V70_D0122_P1__G12__ch6__nav_sage_v2,F1023_V70_D0122_P1,Urban,G12,ch6,F1023_V70_D0122_P1__G12__ch6__nav_sage_v2__W1278,1278,2,4.5,0.45,-78.5522071033497,78.5522071033497,-13.2119027229851,0.109428071806393,5,unclassified,Tier B,yes,no,docs/WAVEA_G12_QA_REPORT.md,E:\GNSS_Multipath_Project\scenes\F1023_V70_D0122_P1\sage_results\nav_sage_v2\G12\stage4_joint_paths.csv
F1023_V70_D0122_P1__G12__ch6__nav_sage_v2,F1023_V70_D0122_P1,Urban,G12,ch6,F1023_V70_D0122_P1__G12__ch6__nav_sage_v2__W835,835,2,1.4,0.14,-71.5654432731581,71.5654432731581,-16.2501226962046,0.184742563164214,3,unclassified,Tier B,yes,no,docs/WAVEA_G12_QA_REPORT.md,E:\GNSS_Multipath_Project\scenes\F1023_V70_D0122_P1\sage_results\nav_sage_v2\G12\stage4_joint_paths.csv
F1023_V70_D0122_P1__G12__ch6__nav_sage_v2,F1023_V70_D0122_P1,Urban,G12,ch6,F1023_V70_D0122_P1__G12__ch6__nav_sage_v2__W836,836,2,1.3,0.13,-71.4648759076238,71.4648759076238,-15.3692890811629,0.187127715719209,3,unclassified,Tier B,yes,no,docs/WAVEA_G12_QA_REPORT.md,E:\GNSS_Multipath_Project\scenes\F1023_V70_D0122_P1\sage_results\nav_sage_v2\G12\stage4_joint_paths.csv
F1023_V80_D0117_P8__G25__ch10__nav_sage_v2,F1023_V80_D0117_P8,Highway/Open,G25,ch10,F1023_V80_D0117_P8__G25__ch10__nav_sage_v2__W985,985,2,1.1,0.11,-4.71590730637763,4.71590730637763,-7.85260728700885,0.873362888782401,4,unclassified,Tier A,yes,yes,docs/10MHz_FULL_SAGE_PRODUCTION_T1_2_G25_QA_REPORT.md,E:\GNSS_Multipath_Project\scenes\F1023_V80_D0117_P8\sage_results\nav_sage_v2\G25\stage4_joint_paths.csv
F1023_V80_D0117_P8__G25__ch10__nav_sage_v2,F1023_V80_D0117_P8,Highway/Open,G25,ch10,F1023_V80_D0117_P8__G25__ch10__nav_sage_v2__W970,970,2,1.2,0.12,-10.7135060437722,10.7135060437722,-11.387872918357,0.808916244409003,4,unclassified,Tier A,yes,yes,docs/10MHz_FULL_SAGE_PRODUCTION_T1_2_G25_QA_REPORT.md,E:\GNSS_Multipath_Project\scenes\F1023_V80_D0117_P8\sage_results\nav_sage_v2\G25\stage4_joint_paths.csv
F1023_v90_D0117_P7__G11__ch6__nav_sage_v2,F1023_v90_D0117_P7,Mountain/Valley,G11,ch6,F1023_v90_D0117_P7__G11__ch6__nav_sage_v2__W1264,1264,2,1,0.1,-0.335697904714834,0.335697904714834,-5.77299469804057,0.899835522948105,3,unclassified,Tier A,yes,yes,docs/10MHz_FULL_SAGE_PRODUCTION_T1_3_G11_QA_REPORT.md,E:\GNSS_Multipath_Project\scenes\F1023_v90_D0117_P7\sage_results\nav_sage_v2\G11\stage4_joint_paths.csv
F1023_V70_D0122_P2__G15__ch8__nav_sage_v2,F1023_V70_D0122_P2,Special Reflective,G15,ch8,SR2_G15_W1079,1079,2,1.4,0.14,31.5397446616225,31.5397446616225,-1.80956213069539,,3,unclassified,Tier A,yes,yes,docs/vtc2027_spring/evidence/VTC_SPECIAL_REFLECTIVE_SUPPLEMENT_G15_QA_REPORT.md,E:\GNSS_Multipath_Project\scenes\F1023_V70_D0122_P2\sage_results\nav_sage_v2\G15\stage4_joint_paths.csv
F1023_V70_D0122_P2__G15__ch8__nav_sage_v2,F1023_V70_D0122_P2,Special Reflective,G15,ch8,SR2_G15_W2167,2167,2,1.2,0.12,-31.5908908130405,31.5908908130405,-15.915910929625,,3,unclassified,Tier A,yes,yes,docs/vtc2027_spring/evidence/VTC_SPECIAL_REFLECTIVE_SUPPLEMENT_G15_QA_REPORT.md,E:\GNSS_Multipath_Project\scenes\F1023_V70_D0122_P2\sage_results\nav_sage_v2\G15\stage4_joint_paths.csv
F1023_V70_D0122_P2__G15__ch8__nav_sage_v2,F1023_V70_D0122_P2,Special Reflective,G15,ch8,SR2_G15_W1080,1080,2,1.2,0.12,32.669775811979,32.669775811979,-0.894023466898675,,4,unclassified,Tier A,yes,yes,docs/vtc2027_spring/evidence/VTC_SPECIAL_REFLECTIVE_SUPPLEMENT_G15_QA_REPORT.md,E:\GNSS_Multipath_Project\scenes\F1023_V70_D0122_P2\sage_results\nav_sage_v2\G15\stage4_joint_paths.csv
F1023_V70_D0122_P2__G15__ch8__nav_sage_v2,F1023_V70_D0122_P2,Special Reflective,G15,ch8,SR2_G15_W1081,1081,2,1.7,0.17,33.7998069590485,33.7998069590485,-6.46223617047156,,3,unclassified,Tier A,yes,yes,docs/vtc2027_spring/evidence/VTC_SPECIAL_REFLECTIVE_SUPPLEMENT_G15_QA_REPORT.md,E:\GNSS_Multipath_Project\scenes\F1023_V70_D0122_P2\sage_results\nav_sage_v2\G15\stage4_joint_paths.csv
F1023_V70_D0122_P2__G15__ch8__nav_sage_v2,F1023_V70_D0122_P2,Special Reflective,G15,ch8,SR2_G15_W2166,2166,2,1.5,0.15,38.7713679767876,38.7713679767876,-17.2994359360271,,3,unclassified,Tier A,yes,yes,docs/vtc2027_spring/evidence/VTC_SPECIAL_REFLECTIVE_SUPPLEMENT_G15_QA_REPORT.md,E:\GNSS_Multipath_Project\scenes\F1023_V70_D0122_P2\sage_results\nav_sage_v2\G15\stage4_joint_paths.csv
