task_id,scene,environment,PRN,channel,sample_rate_hz,run_class,evidence_tier,scientific_usable,production_accepted,full_pipeline_complete,Stage0_valid_windows,Stage0_valid_symbols,observation_duration_s,Stage1_scanned,Stage1_selected,Stage2_evaluations,Stage3_reliable_centers,Stage4_joint_rows,Stage4_joint_valid_rows,confirmed_events,confirmed_paths,path_artifact,QA_status,provenance_status,source_QA_report,inclusion_reason,exclusion_reason
F1023_V120_D0121_P2__G11__ch0__nav_sage_v2,F1023_V120_D0121_P2,Highway/Open,G11,ch0,10230000,Wave-2A_validation,Tier B,yes,no,yes,15210,15224,361.115851906158,15210,67,268,0,0,0,0,0,E:\GNSS_Multipath_Project\scenes\F1023_V120_D0121_P2\sage_results\nav_sage_v2\G11\stage4_joint_paths.csv,PASS,run_context_present_and_stage_outputs_present,docs/WAVE2A_G11_QA_REPORT.md,Stage0-Stage4 artifacts present; scientific tier assigned from current QA/production records,
F1023_v50_D0127_P1__G25__ch0__nav_sage_v2,F1023_v50_D0127_P1,Urban,G25,ch0,10230000,Wave-A_validation,Tier B,yes,no,yes,2339,2343,47.9802179863148,2339,106,424,0,0,0,0,0,E:\GNSS_Multipath_Project\scenes\F1023_v50_D0127_P1\sage_results\nav_sage_v2\G25\stage4_joint_paths.csv,PASS,run_context_present_and_stage_outputs_present,docs/WAVEA_G25_QA_REPORT.md,Stage0-Stage4 artifacts present; scientific tier assigned from current QA/production records,
F1023_V70_D0117_P2__G06__legacy_v1,F1023_V70_D0117_P2,Mountain/Valley,G06,ch4,10230000,reference_legacy,Tier C,yes_bounded_validation,no,yes,319,321,6.4000260997068,319,95,380,2,2,2,2,4,E:\GNSS_Multipath_Project\scenes\F1023_V70_D0117_P2\sage_results\G06_nav_sage_v1\stage4_joint_paths.csv,VALIDATED_HISTORICAL,run_context_missing_legacy_stage_outputs_present,scenes/F1023_V70_D0117_P2/sage_results/reference_scene_final_validation_report.md,Stage0-Stage4 artifacts present; scientific tier assigned from current QA/production records,Excluded from primary environment comparison: historical/contract provenance caveat
F1023_V70_D0117_P2__G11__ch5__nav_sage_v2,F1023_V70_D0117_P2,Mountain/Valley,G11,ch5,10230000,reference_validation,Tier B,yes,no,yes,1175,1177,23.5200569892473,1175,101,404,7,7,7,1,1,E:\GNSS_Multipath_Project\scenes\F1023_V70_D0117_P2\sage_results\nav_sage_v2\G11\stage4_joint_paths.csv,VALIDATED,run_context_present_and_stage_outputs_present,scenes/F1023_V70_D0117_P2/sage_results/reference_scene_final_validation_report.md,Stage0-Stage4 artifacts present; scientific tier assigned from current QA/production records,
F1023_V70_D0117_P2__G12__ch6__nav_sage_v2,F1023_V70_D0117_P2,Mountain/Valley,G12,ch6,10230000,reference_validation,Tier B,yes,no,yes,1175,1177,23.5201046920821,1175,96,384,4,4,4,2,2,E:\GNSS_Multipath_Project\scenes\F1023_V70_D0117_P2\sage_results\nav_sage_v2\G12\stage4_joint_paths.csv,VALIDATED,run_context_present_and_stage_outputs_present,scenes/F1023_V70_D0117_P2/sage_results/reference_scene_final_validation_report.md,Stage0-Stage4 artifacts present; scientific tier assigned from current QA/production records,
F1023_V70_D0117_P2__G25__ch0__nav_sage_v2,F1023_V70_D0117_P2,Mountain/Valley,G25,ch0,10230000,reference_validation,Tier B,yes,no,yes,1175,1177,23.5200656891495,1175,52,208,0,0,0,0,0,E:\GNSS_Multipath_Project\scenes\F1023_V70_D0117_P2\sage_results\nav_sage_v2\G25\stage4_joint_paths.csv,VALIDATED,run_context_present_and_stage_outputs_present,scenes/F1023_V70_D0117_P2/sage_results/reference_scene_final_validation_report.md,Stage0-Stage4 artifacts present; scientific tier assigned from current QA/production records,
F1023_V70_D0117_P2__G28__ch1__nav_sage_v2,F1023_V70_D0117_P2,Mountain/Valley,G28,ch1,10230000,reference_validation,Tier B,yes,no,yes,898,900,17.9800241446725,898,54,216,2,2,2,0,0,E:\GNSS_Multipath_Project\scenes\F1023_V70_D0117_P2\sage_results\nav_sage_v2\G28\stage4_joint_paths.csv,VALIDATED,run_context_present_and_stage_outputs_present,scenes/F1023_V70_D0117_P2/sage_results/reference_scene_final_validation_report.md,Stage0-Stage4 artifacts present; scientific tier assigned from current QA/production records,
F1023_V70_D0117_P2__G29__ch7__nav_sage_v2,F1023_V70_D0117_P2,Mountain/Valley,G29,ch7,10230000,reference_validation,Tier B,yes,no,yes,1175,1177,23.5200332355816,1175,77,308,1,1,1,1,1,E:\GNSS_Multipath_Project\scenes\F1023_V70_D0117_P2\sage_results\nav_sage_v2\G29\stage4_joint_paths.csv,VALIDATED,run_context_present_and_stage_outputs_present,scenes/F1023_V70_D0117_P2/sage_results/reference_scene_final_validation_report.md,Stage0-Stage4 artifacts present; scientific tier assigned from current QA/production records,
F1023_V70_D0117_P2__G32__ch11__nav_sage_v2,F1023_V70_D0117_P2,Mountain/Valley,G32,ch11,10230000,reference_validation,Tier B,yes,no,yes,1175,1177,23.5200927663734,1175,117,468,11,8,8,2,3,E:\GNSS_Multipath_Project\scenes\F1023_V70_D0117_P2\sage_results\nav_sage_v2\G32\stage4_joint_paths.csv,VALIDATED,run_context_present_and_stage_outputs_present,scenes/F1023_V70_D0117_P2/sage_results/reference_scene_final_validation_report.md,Stage0-Stage4 artifacts present; scientific tier assigned from current QA/production records,
F1023_V70_D0117_P4__G11__ch2__nav_sage_v2,F1023_V70_D0117_P4,Mountain/Valley,G11,ch2,10230000,A1_accepted_production,Tier A,yes,yes,yes,893,895,17.8800542521994,893,110,440,8,8,8,3,3,E:\GNSS_Multipath_Project\scenes\F1023_V70_D0117_P4\sage_results\nav_sage_v2\G11\stage4_joint_paths.csv,PASS,run_context_present_and_stage_outputs_present,docs/10MHz_FULL_SAGE_PRODUCTION_A1_G11_QA_REPORT.md,Stage0-Stage4 artifacts present; scientific tier assigned from current QA/production records,
F1023_V70_D0117_P4__G12__ch4__nav_sage_v2,F1023_V70_D0117_P4,Mountain/Valley,G12,ch4,10230000,controlled_acceptance,Tier A,yes,yes,yes,893,895,17.8800850439883,893,99,396,15,8,8,3,3,E:\GNSS_Multipath_Project\scenes\F1023_V70_D0117_P4\sage_results\nav_sage_v2\G12\stage4_joint_paths.csv,PASS,run_context_present_and_stage_outputs_present,docs/10MHz_FULL_SAGE_PRODUCTION_CONTRACT_ACCEPTANCE_G12_QA_REPORT.md,Stage0-Stage4 artifacts present; scientific tier assigned from current QA/production records,
F1023_V70_D0120_P1__G18__ch2__nav_sage_v2,F1023_V70_D0120_P1,Urban,G18,ch2,10230000,A2_accepted_production,Tier A,yes,yes,yes,2609,2611,52.2001439882698,2609,115,460,9,8,8,0,0,E:\GNSS_Multipath_Project\scenes\F1023_V70_D0120_P1\sage_results\nav_sage_v2\G18\stage4_joint_paths.csv,PASS,run_context_present_and_stage_outputs_present,docs/10MHz_FULL_SAGE_PRODUCTION_A2_G18_QA_REPORT.md,Stage0-Stage4 artifacts present; scientific tier assigned from current QA/production records,
F1023_V70_D0120_P5__G16__ch1__nav_sage_v2,F1023_V70_D0120_P5,Urban,G16,ch1,10230000,A3_historical_contract_caveat,Tier C,yes_bounded_validation,no,yes,1209,1211,24.2000440860215,1209,118,472,5,5,5,0,0,E:\GNSS_Multipath_Project\scenes\F1023_V70_D0120_P5\sage_results\nav_sage_v2\G16\stage4_joint_paths.csv,PASS_WITH_CONTRACT_CAVEAT,run_context_present_and_stage_outputs_present,docs/10MHz_FULL_SAGE_PRODUCTION_A3_G16_QA_REPORT.md,Stage0-Stage4 artifacts present; scientific tier assigned from current QA/production records,Excluded from primary environment comparison: historical/contract provenance caveat
F1023_V70_D0120_P7__G16__ch1__nav_sage_v2,F1023_V70_D0120_P7,Urban,G16,ch1,10230000,Wave-A_validation,Tier B,yes,no,yes,2229,2231,44.6000855327468,2229,104,416,11,8,8,4,4,E:\GNSS_Multipath_Project\scenes\F1023_V70_D0120_P7\sage_results\nav_sage_v2\G16\stage4_joint_paths.csv,PASS,run_context_present_and_stage_outputs_present,docs/PILOT1_G16_QA_REPORT.md,Stage0-Stage4 artifacts present; scientific tier assigned from current QA/production records,
F1023_V70_D0120_P9__G05__ch10__nav_sage_v2,F1023_V70_D0120_P9,Special Reflective,G05,ch10,10230000,T1-1_accepted_production,Tier A,yes,yes,yes,2630,2632,52.6202278592376,2630,113,452,12,8,8,2,2,E:\GNSS_Multipath_Project\scenes\F1023_V70_D0120_P9\sage_results\nav_sage_v2\G05\stage4_joint_paths.csv,PASS,run_context_present_and_stage_outputs_present,docs/10MHz_FULL_SAGE_PRODUCTION_T1_1_G05_QA_REPORT.md,Stage0-Stage4 artifacts present; scientific tier assigned from current QA/production records,
F1023_V70_D0122_P1__G12__ch6__nav_sage_v2,F1023_V70_D0122_P1,Urban,G12,ch6,10230000,Wave-A_validation,Tier B,yes,no,yes,1629,1631,32.6000315738025,1629,107,428,11,8,8,3,3,E:\GNSS_Multipath_Project\scenes\F1023_V70_D0122_P1\sage_results\nav_sage_v2\G12\stage4_joint_paths.csv,PASS,run_context_present_and_stage_outputs_present,docs/WAVEA_G12_QA_REPORT.md,Stage0-Stage4 artifacts present; scientific tier assigned from current QA/production records,
F1023_V80_D0117_P8__G25__ch10__nav_sage_v2,F1023_V80_D0117_P8,Highway/Open,G25,ch10,10230000,T1-2_accepted_production,Tier A,yes,yes,yes,1142,1144,22.8600847507332,1142,112,448,8,8,8,2,2,E:\GNSS_Multipath_Project\scenes\F1023_V80_D0117_P8\sage_results\nav_sage_v2\G25\stage4_joint_paths.csv,PASS,run_context_present_and_stage_outputs_present,docs/10MHz_FULL_SAGE_PRODUCTION_T1_2_G25_QA_REPORT.md,Stage0-Stage4 artifacts present; scientific tier assigned from current QA/production records,
F1023_v90_D0117_P7__G11__ch6__nav_sage_v2,F1023_v90_D0117_P7,Mountain/Valley,G11,ch6,10230000,T1-3_accepted_production,Tier A,yes,yes,yes,1288,1292,31.8201132942326,1288,112,448,10,8,8,1,1,E:\GNSS_Multipath_Project\scenes\F1023_v90_D0117_P7\sage_results\nav_sage_v2\G11\stage4_joint_paths.csv,PASS,run_context_present_and_stage_outputs_present,docs/10MHz_FULL_SAGE_PRODUCTION_T1_3_G11_QA_REPORT.md,Stage0-Stage4 artifacts present; scientific tier assigned from current QA/production records,
F1023_V70_D0122_P2__G15__ch8__nav_sage_v2,F1023_V70_D0122_P2,Special Reflective,G15,ch8,10230000,T1-SR2_accepted_production,Tier A,yes,yes,yes,3687,3695,97.8805194525903,3687,108,432,10,8,8,5,5,E:\GNSS_Multipath_Project\scenes\F1023_V70_D0122_P2\sage_results\nav_sage_v2\G15\stage4_joint_paths.csv,PASS,run_context_execution_qa_provenance_present,docs/vtc2027_spring/evidence/VTC_SPECIAL_REFLECTIVE_SUPPLEMENT_G15_QA_REPORT.md,Independent second Special Reflective scene; complete Stage0-Stage4 artifact and independent QA PASS,
