run_id,scene_id,prn,batch,acceptance_class,stage0_window_count,stage2_selected_count,stage3_reliable_centers,stage4_rows,confirmed_events,confirmed_paths,run_label,modeling_eligibility,schema_version
F1023_V120_D0121_P2__G25__ch5__nav_sage_v2__ingestion_20260825_event_path_v1,F1023_V120_D0121_P2,G25,C_long_running_batch,formal_accepted_production,26214,70,0,0,0,0,no_confirmed_event,eligible_pending_modeling_qa,sage-event-path-db-v1
F1023_V120_D0121_P2__G28__ch6__nav_sage_v2__ingestion_20260825_event_path_v1,F1023_V120_D0121_P2,G28,C_long_running_batch,formal_accepted_production,26198,76,0,0,0,0,no_confirmed_event,eligible_pending_modeling_qa,sage-event-path-db-v1
F1023_V120_D0121_P2__G32__ch7__nav_sage_v2__ingestion_20260825_event_path_v1,F1023_V120_D0121_P2,G32,C_long_running_batch,formal_accepted_production,26198,65,0,0,0,0,no_confirmed_event,eligible_pending_modeling_qa,sage-event-path-db-v1
F1023_v50_D0127_P1__G11__ch10__nav_sage_v2__ingestion_20260825_event_path_v1,F1023_v50_D0127_P1,G11,B_main_production_batch,formal_accepted_production,958,66,0,0,0,0,no_confirmed_event,eligible_pending_modeling_qa,sage-event-path-db-v1
F1023_v50_D0127_P1__G28__ch4__nav_sage_v2__ingestion_20260825_event_path_v1,F1023_v50_D0127_P1,G28,B_main_production_batch,formal_accepted_production,2151,54,0,0,0,0,no_confirmed_event,eligible_pending_modeling_qa,sage-event-path-db-v1
F1023_v50_D0127_P1__G29__ch9__nav_sage_v2__ingestion_20260825_event_path_v1,F1023_v50_D0127_P1,G29,B_main_production_batch,formal_accepted_production,2444,49,0,0,0,0,no_confirmed_event,eligible_pending_modeling_qa,sage-event-path-db-v1
F1023_v50_D0127_P1__G31__ch5__nav_sage_v2__ingestion_20260825_event_path_v1,F1023_v50_D0127_P1,G31,B_main_production_batch,formal_accepted_production,1198,111,18,8,0,0,no_confirmed_event,eligible_pending_modeling_qa,sage-event-path-db-v1
F1023_V70_D0117_P4__G25__ch7__nav_sage_v2__ingestion_20260825_event_path_v1,F1023_V70_D0117_P4,G25,A_pipeline_validation_batch,validated_only,893,112,4,4,2,2,confirmed_multipath,eligible_pending_modeling_qa,sage-event-path-db-v1
F1023_V70_D0117_P4__G28__ch6__nav_sage_v2__ingestion_20260825_event_path_v1,F1023_V70_D0117_P4,G28,A_pipeline_validation_batch,validated_only,893,117,7,7,0,0,no_confirmed_event,eligible_pending_modeling_qa,sage-event-path-db-v1
F1023_V70_D0117_P4__G29__ch9__nav_sage_v2__ingestion_20260825_event_path_v1,F1023_V70_D0117_P4,G29,A_pipeline_validation_batch,validated_only,893,105,12,8,1,1,confirmed_multipath,eligible_pending_modeling_qa,sage-event-path-db-v1
F1023_V70_D0117_P4__G31__ch1__nav_sage_v2__ingestion_20260825_event_path_v1,F1023_V70_D0117_P4,G31,A_pipeline_validation_batch,validated_only,892,116,1,1,0,0,no_confirmed_event,eligible_pending_modeling_qa,sage-event-path-db-v1
F1023_V70_D0117_P4__G32__ch3__nav_sage_v2__ingestion_20260825_event_path_v1,F1023_V70_D0117_P4,G32,A_pipeline_validation_batch,validated_only,893,102,4,4,1,1,confirmed_multipath,eligible_pending_modeling_qa,sage-event-path-db-v1
F1023_V70_D0120_P1__G26__ch3__nav_sage_v2__ingestion_20260825_event_path_v1,F1023_V70_D0120_P1,G26,A_pipeline_validation_batch,validated_only,2609,111,14,8,2,2,confirmed_multipath,eligible_pending_modeling_qa,sage-event-path-db-v1
F1023_V70_D0120_P1__G27__ch8__nav_sage_v2__ingestion_20260825_event_path_v1,F1023_V70_D0120_P1,G27,A_pipeline_validation_batch,validated_only,2609,110,3,3,0,0,no_confirmed_event,eligible_pending_modeling_qa,sage-event-path-db-v1
F1023_V70_D0120_P1__G29__ch5__nav_sage_v2__ingestion_20260825_event_path_v1,F1023_V70_D0120_P1,G29,A_pipeline_validation_batch,validated_only,2609,104,8,8,3,3,confirmed_multipath,eligible_pending_modeling_qa,sage-event-path-db-v1
F1023_V70_D0120_P1__G31__ch9__nav_sage_v2__ingestion_20260825_event_path_v1,F1023_V70_D0120_P1,G31,A_pipeline_validation_batch,validated_only,1109,111,16,8,4,4,confirmed_multipath,eligible_pending_modeling_qa,sage-event-path-db-v1
F1023_V70_D0120_P5__G18__ch2__nav_sage_v2__ingestion_20260825_event_path_v1,F1023_V70_D0120_P5,G18,A_pipeline_validation_batch,validated_only,1209,115,4,4,1,1,confirmed_multipath,eligible_pending_modeling_qa,sage-event-path-db-v1
F1023_V70_D0120_P5__G23__ch0__nav_sage_v2__ingestion_20260825_event_path_v1,F1023_V70_D0120_P5,G23,A_pipeline_validation_batch,validated_only,339,89,10,8,0,0,no_confirmed_event,eligible_pending_modeling_qa,sage-event-path-db-v1
F1023_V70_D0120_P5__G26__ch7__nav_sage_v2__ingestion_20260825_event_path_v1,F1023_V70_D0120_P5,G26,A_pipeline_validation_batch,validated_only,1209,109,13,8,2,2,confirmed_multipath,eligible_pending_modeling_qa,sage-event-path-db-v1
F1023_V70_D0120_P5__G27__ch10__nav_sage_v2__ingestion_20260825_event_path_v1,F1023_V70_D0120_P5,G27,A_pipeline_validation_batch,validated_only,276,52,0,0,0,0,no_confirmed_event,eligible_pending_modeling_qa,sage-event-path-db-v1
F1023_V70_D0120_P7__G18__ch4__nav_sage_v2__ingestion_20260825_event_path_v1,F1023_V70_D0120_P7,G18,B_main_production_batch,formal_accepted_production,2229,119,7,7,2,2,confirmed_multipath,eligible_pending_modeling_qa,sage-event-path-db-v1
F1023_V70_D0120_P7__G26__ch6__nav_sage_v2__ingestion_20260825_event_path_v1,F1023_V70_D0120_P7,G26,B_main_production_batch,formal_accepted_production,2229,113,6,6,0,0,no_confirmed_event,eligible_pending_modeling_qa,sage-event-path-db-v1
F1023_V70_D0120_P7__G31__ch8__nav_sage_v2__ingestion_20260825_event_path_v1,F1023_V70_D0120_P7,G31,B_main_production_batch,formal_accepted_production,2229,103,14,8,5,5,confirmed_multipath,eligible_pending_modeling_qa,sage-event-path-db-v1
F1023_V70_D0120_P8__G16__ch4__nav_sage_v2__ingestion_20260825_event_path_v1,F1023_V70_D0120_P8,G16,A_pipeline_validation_batch,validated_only,735,110,29,8,0,0,no_confirmed_event,eligible_pending_modeling_qa,sage-event-path-db-v1
F1023_V70_D0120_P8__G18__ch9__nav_sage_v2__ingestion_20260825_event_path_v1,F1023_V70_D0120_P8,G18,A_pipeline_validation_batch,validated_only,1035,115,8,8,1,1,confirmed_multipath,eligible_pending_modeling_qa,sage-event-path-db-v1
F1023_V70_D0120_P8__G23__ch11__nav_sage_v2__ingestion_20260825_event_path_v1,F1023_V70_D0120_P8,G23,A_pipeline_validation_batch,validated_only,735,113,5,5,0,0,no_confirmed_event,eligible_pending_modeling_qa,sage-event-path-db-v1
F1023_V70_D0120_P8__G26__ch3__nav_sage_v2__ingestion_20260825_event_path_v1,F1023_V70_D0120_P8,G26,A_pipeline_validation_batch,validated_only,1035,109,9,8,1,1,confirmed_multipath,eligible_pending_modeling_qa,sage-event-path-db-v1
F1023_V70_D0120_P9__G16__ch9__nav_sage_v2__ingestion_20260825_event_path_v1,F1023_V70_D0120_P9,G16,A_pipeline_validation_batch,validated_only,2631,115,4,4,1,1,confirmed_multipath,eligible_pending_modeling_qa,sage-event-path-db-v1
F1023_V70_D0120_P9__G18__ch1__nav_sage_v2__ingestion_20260825_event_path_v1,F1023_V70_D0120_P9,G18,A_pipeline_validation_batch,validated_only,2631,116,14,8,0,0,no_confirmed_event,eligible_pending_modeling_qa,sage-event-path-db-v1
F1023_V70_D0120_P9__G26__ch6__nav_sage_v2__ingestion_20260825_event_path_v1,F1023_V70_D0120_P9,G26,A_pipeline_validation_batch,validated_only,2631,113,12,8,1,1,confirmed_multipath,eligible_pending_modeling_qa,sage-event-path-db-v1
F1023_V70_D0120_P9__G27__ch5__nav_sage_v2__ingestion_20260825_event_path_v1,F1023_V70_D0120_P9,G27,A_pipeline_validation_batch,validated_only,898,95,24,8,8,8,confirmed_multipath,eligible_pending_modeling_qa,sage-event-path-db-v1
F1023_V70_D0120_P9__G28__ch11__nav_sage_v2__ingestion_20260825_event_path_v1,F1023_V70_D0120_P9,G28,A_pipeline_validation_batch,validated_only,1498,105,1,1,0,0,no_confirmed_event,eligible_pending_modeling_qa,sage-event-path-db-v1
F1023_V70_D0120_P9__G29__ch4__nav_sage_v2__ingestion_20260825_event_path_v1,F1023_V70_D0120_P9,G29,A_pipeline_validation_batch,validated_only,2630,114,9,8,1,1,confirmed_multipath,eligible_pending_modeling_qa,sage-event-path-db-v1
F1023_V70_D0120_P9__G31__ch7__nav_sage_v2__ingestion_20260825_event_path_v1,F1023_V70_D0120_P9,G31,A_pipeline_validation_batch,validated_only,1730,97,18,8,3,3,confirmed_multipath,eligible_pending_modeling_qa,sage-event-path-db-v1
F1023_V70_D0122_P1__G13__ch5__nav_sage_v2__ingestion_20260825_event_path_v1,F1023_V70_D0122_P1,G13,B_main_production_batch,formal_accepted_production,1327,114,5,5,2,2,confirmed_multipath,eligible_pending_modeling_qa,sage-event-path-db-v1
F1023_V70_D0122_P1__G14__ch9__nav_sage_v2__ingestion_20260825_event_path_v1,F1023_V70_D0122_P1,G14,B_main_production_batch,formal_accepted_production,1179,71,0,0,0,0,no_confirmed_event,eligible_pending_modeling_qa,sage-event-path-db-v1
F1023_V70_D0122_P1__G15__ch8__nav_sage_v2__ingestion_20260825_event_path_v1,F1023_V70_D0122_P1,G15,B_main_production_batch,formal_accepted_production,1629,109,6,6,4,4,confirmed_multipath,eligible_pending_modeling_qa,sage-event-path-db-v1
F1023_V70_D0122_P1__G17__ch2__nav_sage_v2__ingestion_20260825_event_path_v1,F1023_V70_D0122_P1,G17,B_main_production_batch,formal_accepted_production,1629,109,9,8,7,9,confirmed_multipath,eligible_pending_modeling_qa,sage-event-path-db-v1
F1023_V70_D0122_P1__G19__ch11__nav_sage_v2__ingestion_20260825_event_path_v1,F1023_V70_D0122_P1,G19,B_main_production_batch,formal_accepted_production,1629,117,1,1,1,1,confirmed_multipath,eligible_pending_modeling_qa,sage-event-path-db-v1
F1023_V70_D0122_P1__G22__ch4__nav_sage_v2__ingestion_20260825_event_path_v1,F1023_V70_D0122_P1,G22,B_main_production_batch,formal_accepted_production,1629,107,11,8,2,2,confirmed_multipath,eligible_pending_modeling_qa,sage-event-path-db-v1
F1023_V70_D0122_P1__G24__ch7__nav_sage_v2__ingestion_20260825_event_path_v1,F1023_V70_D0122_P1,G24,B_main_production_batch,formal_accepted_production,1630,108,12,8,3,3,confirmed_multipath,eligible_pending_modeling_qa,sage-event-path-db-v1
F1023_V70_D0122_P2__G10__ch6__nav_sage_v2__ingestion_20260825_event_path_v1,F1023_V70_D0122_P2,G10,A_pipeline_validation_batch,validated_only,67,50,0,0,0,0,no_confirmed_event,eligible_pending_modeling_qa,sage-event-path-db-v1
F1023_V70_D0122_P2__G12__ch2__nav_sage_v2__ingestion_20260825_event_path_v1,F1023_V70_D0122_P2,G12,A_pipeline_validation_batch,validated_only,898,116,18,8,7,9,confirmed_multipath,eligible_pending_modeling_qa,sage-event-path-db-v1
F1023_V70_D0122_P2__G13__ch5__nav_sage_v2__ingestion_20260825_event_path_v1,F1023_V70_D0122_P2,G13,A_pipeline_validation_batch,validated_only,639,63,0,0,0,0,no_confirmed_event,eligible_pending_modeling_qa,sage-event-path-db-v1
F1023_V70_D0122_P2__G19__ch11__nav_sage_v2__ingestion_20260825_event_path_v1,F1023_V70_D0122_P2,G19,A_pipeline_validation_batch,validated_only,4591,110,4,4,0,0,no_confirmed_event,eligible_pending_modeling_qa,sage-event-path-db-v1
F1023_V70_D0122_P2__G23__ch10__nav_sage_v2__ingestion_20260825_event_path_v1,F1023_V70_D0122_P2,G23,A_pipeline_validation_batch,validated_only,3391,107,12,8,7,7,confirmed_multipath,eligible_pending_modeling_qa,sage-event-path-db-v1
F1023_V70_D0122_P2__G24__ch3__nav_sage_v2__ingestion_20260825_event_path_v1,F1023_V70_D0122_P2,G24,A_pipeline_validation_batch,validated_only,4894,115,10,8,5,6,confirmed_multipath,eligible_pending_modeling_qa,sage-event-path-db-v1
F1023_V80_D0117_P8__G12__ch4__nav_sage_v2__ingestion_20260825_event_path_v1,F1023_V80_D0117_P8,G12,A_pipeline_validation_batch,validated_only,898,104,2,2,0,0,no_confirmed_event,eligible_pending_modeling_qa,sage-event-path-db-v1
F1023_V80_D0117_P8__G28__ch6__nav_sage_v2__ingestion_20260825_event_path_v1,F1023_V80_D0117_P8,G28,A_pipeline_validation_batch,validated_only,1142,111,17,8,3,3,confirmed_multipath,eligible_pending_modeling_qa,sage-event-path-db-v1
F1023_V80_D0117_P8__G29__ch9__nav_sage_v2__ingestion_20260825_event_path_v1,F1023_V80_D0117_P8,G29,A_pipeline_validation_batch,validated_only,1142,116,10,8,1,1,confirmed_multipath,eligible_pending_modeling_qa,sage-event-path-db-v1
F1023_V80_D0117_P8__G31__ch1__nav_sage_v2__ingestion_20260825_event_path_v1,F1023_V80_D0117_P8,G31,A_pipeline_validation_batch,validated_only,898,68,0,0,0,0,no_confirmed_event,eligible_pending_modeling_qa,sage-event-path-db-v1
F1023_V80_D0117_P8__G32__ch11__nav_sage_v2__ingestion_20260825_event_path_v1,F1023_V80_D0117_P8,G32,A_pipeline_validation_batch,validated_only,1134,54,0,0,0,0,no_confirmed_event,eligible_pending_modeling_qa,sage-event-path-db-v1
F1023_v90_D0117_P7__G12__ch10__nav_sage_v2__ingestion_20260825_event_path_v1,F1023_v90_D0117_P7,G12,A_pipeline_validation_batch,validated_only,988,107,4,4,0,0,no_confirmed_event,eligible_pending_modeling_qa,sage-event-path-db-v1
F1023_v90_D0117_P7__G25__ch0__nav_sage_v2__ingestion_20260825_event_path_v1,F1023_v90_D0117_P7,G25,A_pipeline_validation_batch,validated_only,1590,109,4,4,2,2,confirmed_multipath,eligible_pending_modeling_qa,sage-event-path-db-v1
F1023_v90_D0117_P7__G28__ch4__nav_sage_v2__ingestion_20260825_event_path_v1,F1023_v90_D0117_P7,G28,A_pipeline_validation_batch,validated_only,90,73,6,6,1,1,confirmed_multipath,eligible_pending_modeling_qa,sage-event-path-db-v1
F1023_v90_D0117_P7__G29__ch11__nav_sage_v2__ingestion_20260825_event_path_v1,F1023_v90_D0117_P7,G29,A_pipeline_validation_batch,validated_only,1590,110,6,6,0,0,no_confirmed_event,eligible_pending_modeling_qa,sage-event-path-db-v1
F1023_v90_D0117_P7__G32__ch5__nav_sage_v2__ingestion_20260825_event_path_v1,F1023_v90_D0117_P7,G32,A_pipeline_validation_batch,validated_only,1590,110,9,8,4,4,confirmed_multipath,eligible_pending_modeling_qa,sage-event-path-db-v1
F1023_V70_D0117_P2__G06__ch4__G06_nav_sage_v1__ingestion_20260825_event_path_v1,F1023_V70_D0117_P2,G06,reference_fixture,reference_validation,319,95,2,2,2,4,confirmed_multipath,excluded_legacy_context_missing,sage-event-path-db-v1
F1023_V70_D0117_P2__G11__ch5__nav_sage_v2__ingestion_20260825_event_path_v1,F1023_V70_D0117_P2,G11,reference_fixture,reference_validation,1175,101,7,7,1,1,confirmed_multipath,eligible_pending_modeling_qa,sage-event-path-db-v1
F1023_V70_D0117_P2__G12__ch6__nav_sage_v2__ingestion_20260825_event_path_v1,F1023_V70_D0117_P2,G12,reference_fixture,reference_validation,1175,96,4,4,2,2,confirmed_multipath,eligible_pending_modeling_qa,sage-event-path-db-v1
F1023_V70_D0117_P2__G25__ch0__nav_sage_v2__ingestion_20260825_event_path_v1,F1023_V70_D0117_P2,G25,reference_fixture,reference_validation,1175,52,0,0,0,0,los_reference,eligible_pending_modeling_qa,sage-event-path-db-v1
F1023_V70_D0117_P2__G28__ch1__nav_sage_v2__ingestion_20260825_event_path_v1,F1023_V70_D0117_P2,G28,reference_fixture,reference_validation,898,54,2,2,0,0,no_confirmed_event,eligible_pending_modeling_qa,sage-event-path-db-v1
F1023_V70_D0117_P2__G29__ch7__nav_sage_v2__ingestion_20260825_event_path_v1,F1023_V70_D0117_P2,G29,reference_fixture,reference_validation,1175,77,1,1,1,1,confirmed_multipath,eligible_pending_modeling_qa,sage-event-path-db-v1
F1023_V70_D0117_P2__G32__ch11__nav_sage_v2__ingestion_20260825_event_path_v1,F1023_V70_D0117_P2,G32,reference_fixture,reference_validation,1175,117,11,8,2,3,confirmed_multipath,eligible_pending_modeling_qa,sage-event-path-db-v1
