event_path_id,event_id,run_id,scene_id,prn,tracking_channel,center_window_id,path_id,estimate_stage,path_role,is_multipath,delay_samples,excess_delay_samples,excess_delay_chips,excess_delay_s,derived_excess_path_length_m,doppler_hz,doppler_offset_hz,relative_power_db,source_power_field,amplitude,phase_rad,coherence,label_value,label_rule_version,source_file,source_file_sha256,source_row_number,modeling_eligibility,missing_reason,schema_version,event_utc,environment_class,special_condition,road_type,elevation_deg,azimuth_deg,nmea_snr_db_hz,geometry_join_status,geometry_join_valid,geometry_source_utc,geometry_time_delta_s,alignment_version
F1023_V70_D0117_P4__G25__ch7__nav_sage_v2__ingestion_20260825_event_path_v1__event_347__path_2,F1023_V70_D0117_P4__G25__ch7__nav_sage_v2__ingestion_20260825_event_path_v1__event_347,F1023_V70_D0117_P4__G25__ch7__nav_sage_v2__ingestion_20260825_event_path_v1,F1023_V70_D0117_P4,G25,7,347,2,stage4_joint,multipath,1,1.2,1.2,0.12,,,-5209.41456805439,-4.50392352314157,-8.64239900343813,mean_relative_power_db,,,,confirmed_multipath,stage4-strict-confirmed-v1,scenes/F1023_V70_D0117_P4/sage_results/nav_sage_v2/G25/stage4_joint_paths.csv,32da94c676a5edd60b503d517c002ddd46316396d9f0221a6848f0c68070458d,5,eligible_pending_modeling_qa,,sage-event-path-db-v1,2026-01-17T12:18:36.920Z,Mountain/Valley,mountain ascending road,mountain ascending road,83.000,357.000,49.000,valid,1,2026-01-17T12:18:36.980Z,0.06,sage-event-context-alignment-v1
F1023_V70_D0117_P4__G25__ch7__nav_sage_v2__ingestion_20260825_event_path_v1__event_350__path_2,F1023_V70_D0117_P4__G25__ch7__nav_sage_v2__ingestion_20260825_event_path_v1__event_350,F1023_V70_D0117_P4__G25__ch7__nav_sage_v2__ingestion_20260825_event_path_v1,F1023_V70_D0117_P4,G25,7,350,2,stage4_joint,multipath,1,0.9,1,0.1,,,-5205.09930453708,0.116515775416701,-4.2174922764624,mean_relative_power_db,,,,confirmed_multipath,stage4-strict-confirmed-v1,scenes/F1023_V70_D0117_P4/sage_results/nav_sage_v2/G25/stage4_joint_paths.csv,32da94c676a5edd60b503d517c002ddd46316396d9f0221a6848f0c68070458d,7,eligible_pending_modeling_qa,,sage-event-path-db-v1,2026-01-17T12:18:36.980Z,Mountain/Valley,mountain ascending road,mountain ascending road,83.000,357.000,49.000,valid,1,2026-01-17T12:18:36.980Z,0,sage-event-context-alignment-v1
F1023_V70_D0117_P4__G29__ch9__nav_sage_v2__ingestion_20260825_event_path_v1__event_348__path_2,F1023_V70_D0117_P4__G29__ch9__nav_sage_v2__ingestion_20260825_event_path_v1__event_348,F1023_V70_D0117_P4__G29__ch9__nav_sage_v2__ingestion_20260825_event_path_v1,F1023_V70_D0117_P4,G29,9,348,2,stage4_joint,multipath,1,1.1,1.1,0.11,,,-2975.80646914709,5.3695562435355,-7.8940584298249,mean_relative_power_db,,,,confirmed_multipath,stage4-strict-confirmed-v1,scenes/F1023_V70_D0117_P4/sage_results/nav_sage_v2/G29/stage4_joint_paths.csv,c368bf9b8eb768f46651a3057e954be651706bd9b07781075af5e222838fb52b,7,eligible_pending_modeling_qa,,sage-event-path-db-v1,2026-01-17T12:18:36.940Z,Mountain/Valley,mountain ascending road,mountain ascending road,56.000,207.000,45.000,valid,1,2026-01-17T12:18:36.980Z,0.04,sage-event-context-alignment-v1
F1023_V70_D0117_P4__G32__ch3__nav_sage_v2__ingestion_20260825_event_path_v1__event_357__path_2,F1023_V70_D0117_P4__G32__ch3__nav_sage_v2__ingestion_20260825_event_path_v1__event_357,F1023_V70_D0117_P4__G32__ch3__nav_sage_v2__ingestion_20260825_event_path_v1,F1023_V70_D0117_P4,G32,3,357,2,stage4_joint,multipath,1,1.3,1.1,0.11,,,-7207.95293053035,-4.05839928034675,-3.49096986532041,mean_relative_power_db,,,,confirmed_multipath,stage4-strict-confirmed-v1,scenes/F1023_V70_D0117_P4/sage_results/nav_sage_v2/G32/stage4_joint_paths.csv,0883cc40f7054f1949c639e0a37524f003693a14a2e7f09e8514d597ec513c0e,6,eligible_pending_modeling_qa,,sage-event-path-db-v1,2026-01-17T12:18:37.120Z,Mountain/Valley,mountain ascending road,mountain ascending road,28.000,250.000,46.000,valid,1,2026-01-17T12:18:36.980Z,0.14,sage-event-context-alignment-v1
F1023_V70_D0120_P1__G26__ch3__nav_sage_v2__ingestion_20260825_event_path_v1__event_76__path_2,F1023_V70_D0120_P1__G26__ch3__nav_sage_v2__ingestion_20260825_event_path_v1__event_76,F1023_V70_D0120_P1__G26__ch3__nav_sage_v2__ingestion_20260825_event_path_v1,F1023_V70_D0120_P1,G26,3,76,2,stage4_joint,multipath,1,1.1,1.1,0.11,,,-5142.28296352971,9.66430209528517,-8.15201281759688,mean_relative_power_db,,,,confirmed_multipath,stage4-strict-confirmed-v1,scenes/F1023_V70_D0120_P1/sage_results/nav_sage_v2/G26/stage4_joint_paths.csv,d4748cee84f0aafa28bb783b30987ab0aaa47df178f52bb4535f42ad2c52f941,3,eligible_pending_modeling_qa,,sage-event-path-db-v1,2026-01-20T15:21:19.500Z,Urban,high-rise buildings,urban road,74.000,250.000,49.000,valid,1,2026-01-20T15:21:20.000Z,0.5,sage-event-context-alignment-v1
F1023_V70_D0120_P1__G26__ch3__nav_sage_v2__ingestion_20260825_event_path_v1__event_78__path_2,F1023_V70_D0120_P1__G26__ch3__nav_sage_v2__ingestion_20260825_event_path_v1__event_78,F1023_V70_D0120_P1__G26__ch3__nav_sage_v2__ingestion_20260825_event_path_v1,F1023_V70_D0120_P1,G26,3,78,2,stage4_joint,multipath,1,1,1.1,0.11,,,-5142.52075649846,9.66430209528517,-7.65772309879221,mean_relative_power_db,,,,confirmed_multipath,stage4-strict-confirmed-v1,scenes/F1023_V70_D0120_P1/sage_results/nav_sage_v2/G26/stage4_joint_paths.csv,d4748cee84f0aafa28bb783b30987ab0aaa47df178f52bb4535f42ad2c52f941,6,eligible_pending_modeling_qa,,sage-event-path-db-v1,2026-01-20T15:21:19.540Z,Urban,high-rise buildings,urban road,74.000,250.000,49.000,valid,1,2026-01-20T15:21:20.000Z,0.46,sage-event-context-alignment-v1
F1023_V70_D0120_P1__G29__ch5__nav_sage_v2__ingestion_20260825_event_path_v1__event_1218__path_2,F1023_V70_D0120_P1__G29__ch5__nav_sage_v2__ingestion_20260825_event_path_v1__event_1218,F1023_V70_D0120_P1__G29__ch5__nav_sage_v2__ingestion_20260825_event_path_v1,F1023_V70_D0120_P1,G29,5,1218,2,stage4_joint,multipath,1,0.8,1.1,0.11,,,-7884.88589075692,-1.18569544442107,1.99172158788203,mean_relative_power_db,,,,confirmed_multipath,stage4-strict-confirmed-v1,scenes/F1023_V70_D0120_P1/sage_results/nav_sage_v2/G29/stage4_joint_paths.csv,d31578bcfa801d7f7e1877c6fae6985f0faa29d5c11c4ea86810f0461138d503,5,eligible_pending_modeling_qa,,sage-event-path-db-v1,2026-01-20T15:21:42.340Z,Urban,high-rise buildings,urban road,34.000,76.000,43.000,valid,1,2026-01-20T15:21:42.000Z,0.34,sage-event-context-alignment-v1
F1023_V70_D0120_P1__G29__ch5__nav_sage_v2__ingestion_20260825_event_path_v1__event_2593__path_2,F1023_V70_D0120_P1__G29__ch5__nav_sage_v2__ingestion_20260825_event_path_v1__event_2593,F1023_V70_D0120_P1__G29__ch5__nav_sage_v2__ingestion_20260825_event_path_v1,F1023_V70_D0120_P1,G29,5,2593,2,stage4_joint,multipath,1,1.3,1.1,0.11,,,-7895.47583462346,19.6643020952852,-8.37792084097364,mean_relative_power_db,,,,confirmed_multipath,stage4-strict-confirmed-v1,scenes/F1023_V70_D0120_P1/sage_results/nav_sage_v2/G29/stage4_joint_paths.csv,d31578bcfa801d7f7e1877c6fae6985f0faa29d5c11c4ea86810f0461138d503,10,eligible_pending_modeling_qa,,sage-event-path-db-v1,2026-01-20T15:22:09.840Z,Urban,high-rise buildings,urban road,33.000,76.000,44.000,valid,1,2026-01-20T15:22:09.000Z,0.84,sage-event-context-alignment-v1
F1023_V70_D0120_P1__G29__ch5__nav_sage_v2__ingestion_20260825_event_path_v1__event_2594__path_2,F1023_V70_D0120_P1__G29__ch5__nav_sage_v2__ingestion_20260825_event_path_v1__event_2594,F1023_V70_D0120_P1__G29__ch5__nav_sage_v2__ingestion_20260825_event_path_v1,F1023_V70_D0120_P1,G29,5,2594,2,stage4_joint,multipath,1,1.1,1.2,0.12,,,-7907.31909634221,4.66430209528517,-2.10703189943137,mean_relative_power_db,,,,confirmed_multipath,stage4-strict-confirmed-v1,scenes/F1023_V70_D0120_P1/sage_results/nav_sage_v2/G29/stage4_joint_paths.csv,d31578bcfa801d7f7e1877c6fae6985f0faa29d5c11c4ea86810f0461138d503,12,eligible_pending_modeling_qa,,sage-event-path-db-v1,2026-01-20T15:22:09.860Z,Urban,high-rise buildings,urban road,33.000,76.000,44.000,valid,1,2026-01-20T15:22:09.000Z,0.86,sage-event-context-alignment-v1
F1023_V70_D0120_P1__G31__ch9__nav_sage_v2__ingestion_20260825_event_path_v1__event_784__path_2,F1023_V70_D0120_P1__G31__ch9__nav_sage_v2__ingestion_20260825_event_path_v1__event_784,F1023_V70_D0120_P1__G31__ch9__nav_sage_v2__ingestion_20260825_event_path_v1,F1023_V70_D0120_P1,G31,9,784,2,stage4_joint,multipath,1,1.7,1,0.1,,,-7902.46655488487,12.8859841776266,-10.2137455218284,mean_relative_power_db,,,,confirmed_multipath,stage4-strict-confirmed-v1,scenes/F1023_V70_D0120_P1/sage_results/nav_sage_v2/G31/stage4_joint_paths.csv,57b0b3f41bd22841b1ec64efd86131f463021a2ca6970b72c2e01132f154d055,5,eligible_pending_modeling_qa,,sage-event-path-db-v1,2026-01-20T15:22:03.660Z,Urban,high-rise buildings,urban road,34.000,228.000,44.000,valid,1,2026-01-20T15:22:04.000Z,0.34,sage-event-context-alignment-v1
F1023_V70_D0120_P1__G31__ch9__nav_sage_v2__ingestion_20260825_event_path_v1__event_469__path_2,F1023_V70_D0120_P1__G31__ch9__nav_sage_v2__ingestion_20260825_event_path_v1__event_469,F1023_V70_D0120_P1__G31__ch9__nav_sage_v2__ingestion_20260825_event_path_v1,F1023_V70_D0120_P1,G31,9,469,2,stage4_joint,multipath,1,1.9,1.7,0.17,,,-7924.00686437825,-21.3110635970042,-6.12322208384473,mean_relative_power_db,,,,confirmed_multipath,stage4-strict-confirmed-v1,scenes/F1023_V70_D0120_P1/sage_results/nav_sage_v2/G31/stage4_joint_paths.csv,57b0b3f41bd22841b1ec64efd86131f463021a2ca6970b72c2e01132f154d055,9,eligible_pending_modeling_qa,,sage-event-path-db-v1,2026-01-20T15:21:57.360Z,Urban,high-rise buildings,urban road,34.000,228.000,44.000,valid,1,2026-01-20T15:21:57.000Z,0.36,sage-event-context-alignment-v1
F1023_V70_D0120_P1__G31__ch9__nav_sage_v2__ingestion_20260825_event_path_v1__event_471__path_2,F1023_V70_D0120_P1__G31__ch9__nav_sage_v2__ingestion_20260825_event_path_v1__event_471,F1023_V70_D0120_P1__G31__ch9__nav_sage_v2__ingestion_20260825_event_path_v1,F1023_V70_D0120_P1,G31,9,471,2,stage4_joint,multipath,1,2,1.7,0.17,,,-7915.91066741111,-17.1372299111135,-4.88615542102219,mean_relative_power_db,,,,confirmed_multipath,stage4-strict-confirmed-v1,scenes/F1023_V70_D0120_P1/sage_results/nav_sage_v2/G31/stage4_joint_paths.csv,57b0b3f41bd22841b1ec64efd86131f463021a2ca6970b72c2e01132f154d055,11,eligible_pending_modeling_qa,,sage-event-path-db-v1,2026-01-20T15:21:57.400Z,Urban,high-rise buildings,urban road,34.000,228.000,44.000,valid,1,2026-01-20T15:21:57.000Z,0.4,sage-event-context-alignment-v1
F1023_V70_D0120_P1__G31__ch9__nav_sage_v2__ingestion_20260825_event_path_v1__event_594__path_2,F1023_V70_D0120_P1__G31__ch9__nav_sage_v2__ingestion_20260825_event_path_v1__event_594,F1023_V70_D0120_P1__G31__ch9__nav_sage_v2__ingestion_20260825_event_path_v1,F1023_V70_D0120_P1,G31,9,594,2,stage4_joint,multipath,1,1,1.2,0.12,,,-7926.68252828071,-31.0233485932058,-6.06877775185129,mean_relative_power_db,,,,confirmed_multipath,stage4-strict-confirmed-v1,scenes/F1023_V70_D0120_P1/sage_results/nav_sage_v2/G31/stage4_joint_paths.csv,57b0b3f41bd22841b1ec64efd86131f463021a2ca6970b72c2e01132f154d055,13,eligible_pending_modeling_qa,,sage-event-path-db-v1,2026-01-20T15:21:59.860Z,Urban,high-rise buildings,urban road,34.000,228.000,42.000,valid,1,2026-01-20T15:22:00.000Z,0.14,sage-event-context-alignment-v1
F1023_V70_D0120_P5__G18__ch2__nav_sage_v2__ingestion_20260825_event_path_v1__event_874__path_2,F1023_V70_D0120_P5__G18__ch2__nav_sage_v2__ingestion_20260825_event_path_v1__event_874,F1023_V70_D0120_P5__G18__ch2__nav_sage_v2__ingestion_20260825_event_path_v1,F1023_V70_D0120_P5,G18,2,874,2,stage4_joint,multipath,1,1.1,1,0.1,,,-4608.73218227971,9.66430209528517,-7.85419886106737,mean_relative_power_db,,,,confirmed_multipath,stage4-strict-confirmed-v1,scenes/F1023_V70_D0120_P5/sage_results/nav_sage_v2/G18/stage4_joint_paths.csv,d85483af3f5285ef6778decb83bcde4e823fba401f872e7ba8a49edef43b0e1f,6,eligible_pending_modeling_qa,,sage-event-path-db-v1,2026-01-20T15:27:35.460Z,Urban,low-rise residential area,urban residential road,73.000,136.000,48.000,valid,1,2026-01-20T15:27:34.990Z,0.47,sage-event-context-alignment-v1
F1023_V70_D0120_P7__G18__ch4__nav_sage_v2__ingestion_20260825_event_path_v1__event_84__path_2,F1023_V70_D0120_P7__G18__ch4__nav_sage_v2__ingestion_20260825_event_path_v1__event_84,F1023_V70_D0120_P7__G18__ch4__nav_sage_v2__ingestion_20260825_event_path_v1,F1023_V70_D0120_P7,G18,4,84,2,stage4_joint,multipath,1,1.1,1,0.1,,,-4820.07495571721,-5.33569790471483,-6.6344569939449,mean_relative_power_db,,,,confirmed_multipath,stage4-strict-confirmed-v1,scenes/F1023_V70_D0120_P7/sage_results/nav_sage_v2/G18/stage4_joint_paths.csv,b0091149a459357d0b10f82191dfaeac1b495b843a88aaa9104c525bf82d28e4,6,eligible_pending_modeling_qa,,sage-event-path-db-v1,2026-01-20T15:31:55.660Z,Urban,tram infrastructure and moving tram,urban tram road,74.000,129.000,48.000,valid,1,2026-01-20T15:31:55.990Z,0.33,sage-event-context-alignment-v1
F1023_V70_D0120_P7__G18__ch4__nav_sage_v2__ingestion_20260825_event_path_v1__event_417__path_2,F1023_V70_D0120_P7__G18__ch4__nav_sage_v2__ingestion_20260825_event_path_v1__event_417,F1023_V70_D0120_P7__G18__ch4__nav_sage_v2__ingestion_20260825_event_path_v1,F1023_V70_D0120_P7,G18,4,417,2,stage4_joint,multipath,1,1,1,0.1,,,-4823.08011239099,-5.38479989099415,-4.73078763183884,mean_relative_power_db,,,,confirmed_multipath,stage4-strict-confirmed-v1,scenes/F1023_V70_D0120_P7/sage_results/nav_sage_v2/G18/stage4_joint_paths.csv,b0091149a459357d0b10f82191dfaeac1b495b843a88aaa9104c525bf82d28e4,9,eligible_pending_modeling_qa,,sage-event-path-db-v1,2026-01-20T15:32:02.320Z,Urban,tram infrastructure and moving tram,urban tram road,74.000,129.000,50.000,valid,1,2026-01-20T15:32:01.990Z,0.33,sage-event-context-alignment-v1
F1023_V70_D0120_P7__G31__ch8__nav_sage_v2__ingestion_20260825_event_path_v1__event_74__path_2,F1023_V70_D0120_P7__G31__ch8__nav_sage_v2__ingestion_20260825_event_path_v1__event_74,F1023_V70_D0120_P7__G31__ch8__nav_sage_v2__ingestion_20260825_event_path_v1,F1023_V70_D0120_P7,G31,8,74,2,stage4_joint,multipath,1,1.7,1.5,0.15,,,-8219.86597134221,-15.3356979047148,-10.6563797918359,mean_relative_power_db,,,,confirmed_multipath,stage4-strict-confirmed-v1,scenes/F1023_V70_D0120_P7/sage_results/nav_sage_v2/G31/stage4_joint_paths.csv,6919625976b9d1027b5c91563fddee29c80a891508960a5b09efe8a11ee9cbfb,3,eligible_pending_modeling_qa,,sage-event-path-db-v1,2026-01-20T15:31:55.460Z,Urban,tram infrastructure and moving tram,urban tram road,30.000,225.000,46.000,valid,1,2026-01-20T15:31:55.990Z,0.53,sage-event-context-alignment-v1
F1023_V70_D0120_P7__G31__ch8__nav_sage_v2__ingestion_20260825_event_path_v1__event_75__path_2,F1023_V70_D0120_P7__G31__ch8__nav_sage_v2__ingestion_20260825_event_path_v1__event_75,F1023_V70_D0120_P7__G31__ch8__nav_sage_v2__ingestion_20260825_event_path_v1,F1023_V70_D0120_P7,G31,8,75,2,stage4_joint,multipath,1,3.7,3.5,0.35,,,-8216.74780727971,-10.3356979047148,-13.7590184841216,mean_relative_power_db,,,,confirmed_multipath,stage4-strict-confirmed-v1,scenes/F1023_V70_D0120_P7/sage_results/nav_sage_v2/G31/stage4_joint_paths.csv,6919625976b9d1027b5c91563fddee29c80a891508960a5b09efe8a11ee9cbfb,5,eligible_pending_modeling_qa,,sage-event-path-db-v1,2026-01-20T15:31:55.480Z,Urban,tram infrastructure and moving tram,urban tram road,30.000,225.000,46.000,valid,1,2026-01-20T15:31:55.990Z,0.51,sage-event-context-alignment-v1
F1023_V70_D0120_P7__G31__ch8__nav_sage_v2__ingestion_20260825_event_path_v1__event_76__path_2,F1023_V70_D0120_P7__G31__ch8__nav_sage_v2__ingestion_20260825_event_path_v1__event_76,F1023_V70_D0120_P7__G31__ch8__nav_sage_v2__ingestion_20260825_event_path_v1,F1023_V70_D0120_P7,G31,8,76,2,stage4_joint,multipath,1,1.1,1.1,0.11,,,-8217.59448696721,-15.3356979047148,-5.42357074079251,mean_relative_power_db,,,,confirmed_multipath,stage4-strict-confirmed-v1,scenes/F1023_V70_D0120_P7/sage_results/nav_sage_v2/G31/stage4_joint_paths.csv,6919625976b9d1027b5c91563fddee29c80a891508960a5b09efe8a11ee9cbfb,8,eligible_pending_modeling_qa,,sage-event-path-db-v1,2026-01-20T15:31:55.500Z,Urban,tram infrastructure and moving tram,urban tram road,30.000,225.000,46.000,valid,1,2026-01-20T15:31:55.990Z,0.49,sage-event-context-alignment-v1
F1023_V70_D0120_P7__G31__ch8__nav_sage_v2__ingestion_20260825_event_path_v1__event_2093__path_2,F1023_V70_D0120_P7__G31__ch8__nav_sage_v2__ingestion_20260825_event_path_v1__event_2093,F1023_V70_D0120_P7__G31__ch8__nav_sage_v2__ingestion_20260825_event_path_v1,F1023_V70_D0120_P7,G31,8,2093,2,stage4_joint,multipath,1,1.1,1.9,0.19,,,-8229.30824688575,-2.06020001075194,-0.97102321436624,mean_relative_power_db,,,,confirmed_multipath,stage4-strict-confirmed-v1,scenes/F1023_V70_D0120_P7/sage_results/nav_sage_v2/G31/stage4_joint_paths.csv,6919625976b9d1027b5c91563fddee29c80a891508960a5b09efe8a11ee9cbfb,10,eligible_pending_modeling_qa,,sage-event-path-db-v1,2026-01-20T15:32:35.840Z,Urban,tram infrastructure and moving tram,urban tram road,30.000,224.000,36.000,valid,1,2026-01-20T15:32:35.990Z,0.15,sage-event-context-alignment-v1
F1023_V70_D0120_P7__G31__ch8__nav_sage_v2__ingestion_20260825_event_path_v1__event_432__path_2,F1023_V70_D0120_P7__G31__ch8__nav_sage_v2__ingestion_20260825_event_path_v1__event_432,F1023_V70_D0120_P7__G31__ch8__nav_sage_v2__ingestion_20260825_event_path_v1,F1023_V70_D0120_P7,G31,8,432,2,stage4_joint,multipath,1,1.6,1.1,0.11,,,-8216.79784744758,-17.351558385084,-7.75194332454867,mean_relative_power_db,,,,confirmed_multipath,stage4-strict-confirmed-v1,scenes/F1023_V70_D0120_P7/sage_results/nav_sage_v2/G31/stage4_joint_paths.csv,6919625976b9d1027b5c91563fddee29c80a891508960a5b09efe8a11ee9cbfb,12,eligible_pending_modeling_qa,,sage-event-path-db-v1,2026-01-20T15:32:02.620Z,Urban,tram infrastructure and moving tram,urban tram road,30.000,225.000,47.000,valid,1,2026-01-20T15:32:02.990Z,0.37,sage-event-context-alignment-v1
F1023_V70_D0120_P8__G18__ch9__nav_sage_v2__ingestion_20260825_event_path_v1__event_848__path_2,F1023_V70_D0120_P8__G18__ch9__nav_sage_v2__ingestion_20260825_event_path_v1__event_848,F1023_V70_D0120_P8__G18__ch9__nav_sage_v2__ingestion_20260825_event_path_v1,F1023_V70_D0120_P8,G18,9,848,2,stage4_joint,multipath,1,1.1,1.1,0.11,,,-4913.56074130888,6.7029305661199,-6.56397575034913,mean_relative_power_db,,,,confirmed_multipath,stage4-strict-confirmed-v1,scenes/F1023_V70_D0120_P8/sage_results/nav_sage_v2/G18/stage4_joint_paths.csv,4bed5efd8efd9bc64e8daab002503be65dc8eadc3ca515e86aa786735b79f63f,9,eligible_pending_modeling_qa,,sage-event-path-db-v1,2026-01-20T15:34:10.940Z,Urban,general urban road,urban road,74.000,125.000,46.000,valid,1,2026-01-20T15:34:10.990Z,0.05,sage-event-context-alignment-v1
F1023_V70_D0120_P8__G26__ch3__nav_sage_v2__ingestion_20260825_event_path_v1__event_299__path_2,F1023_V70_D0120_P8__G26__ch3__nav_sage_v2__ingestion_20260825_event_path_v1__event_299,F1023_V70_D0120_P8__G26__ch3__nav_sage_v2__ingestion_20260825_event_path_v1,F1023_V70_D0120_P8,G26,3,299,2,stage4_joint,multipath,1,1,1.1,0.11,,,-5690.52710415471,14.6643020952852,-6.9900018193734,mean_relative_power_db,,,,confirmed_multipath,stage4-strict-confirmed-v1,scenes/F1023_V70_D0120_P8/sage_results/nav_sage_v2/G26/stage4_joint_paths.csv,8e1090a0d2201a463f4a481c05f7086fb9c32a6774b8eafd77788247be5f76f1,4,eligible_pending_modeling_qa,,sage-event-path-db-v1,2026-01-20T15:33:59.960Z,Urban,general urban road,urban road,74.000,229.000,47.000,valid,1,2026-01-20T15:34:00.990Z,1.03,sage-event-context-alignment-v1
F1023_V70_D0120_P9__G16__ch9__nav_sage_v2__ingestion_20260825_event_path_v1__event_2565__path_2,F1023_V70_D0120_P9__G16__ch9__nav_sage_v2__ingestion_20260825_event_path_v1__event_2565,F1023_V70_D0120_P9__G16__ch9__nav_sage_v2__ingestion_20260825_event_path_v1,F1023_V70_D0120_P9,G16,9,2565,2,stage4_joint,multipath,1,1.2,1,0.1,,,-3217.33765102972,-0.335697904715289,-6.99350764373868,mean_relative_power_db,,,,confirmed_multipath,stage4-strict-confirmed-v1,scenes/F1023_V70_D0120_P9/sage_results/nav_sage_v2/G16/stage4_joint_paths.csv,36671032256780cc40ce54373e77b7a348bf6fb4dd4efea4b9ad9f37064f172e,4,eligible_pending_modeling_qa,,sage-event-path-db-v1,2026-01-20T15:36:21.280Z,Special Reflective,bridge over wide water surface,bridge over water,51.000,299.000,44.000,valid,1,2026-01-20T15:36:21.000Z,0.28,sage-event-context-alignment-v1
F1023_V70_D0120_P9__G26__ch6__nav_sage_v2__ingestion_20260825_event_path_v1__event_2285__path_2,F1023_V70_D0120_P9__G26__ch6__nav_sage_v2__ingestion_20260825_event_path_v1__event_2285,F1023_V70_D0120_P9__G26__ch6__nav_sage_v2__ingestion_20260825_event_path_v1,F1023_V70_D0120_P9,G26,6,2285,2,stage4_joint,multipath,1,2,1.8,0.18,,,-5819.64019219901,-29.4546453240118,-19.5143035546653,mean_relative_power_db,,,,confirmed_multipath,stage4-strict-confirmed-v1,scenes/F1023_V70_D0120_P9/sage_results/nav_sage_v2/G26/stage4_joint_paths.csv,543c95e93a88fedaf273fe7d9725396816e5cbbf7212346528bdc9412714698e,8,eligible_pending_modeling_qa,,sage-event-path-db-v1,2026-01-20T15:36:15.680Z,Special Reflective,bridge over wide water surface,bridge over water,73.000,225.000,49.000,valid,1,2026-01-20T15:36:16.000Z,0.32,sage-event-context-alignment-v1
F1023_V70_D0120_P9__G27__ch5__nav_sage_v2__ingestion_20260825_event_path_v1__event_823__path_2,F1023_V70_D0120_P9__G27__ch5__nav_sage_v2__ingestion_20260825_event_path_v1__event_823,F1023_V70_D0120_P9__G27__ch5__nav_sage_v2__ingestion_20260825_event_path_v1,F1023_V70_D0120_P9,G27,5,823,2,stage4_joint,multipath,1,2.3,2.7,0.27,,,-1949.18593438021,61.1312042916647,-5.90480848254359,mean_relative_power_db,,,,confirmed_multipath,stage4-strict-confirmed-v1,scenes/F1023_V70_D0120_P9/sage_results/nav_sage_v2/G27/stage4_joint_paths.csv,02d2f4ab9ac1ba89a19e5163bbc7448e4d793fc9db8d953721a0ef50322bfbaa,3,eligible_pending_modeling_qa,,sage-event-path-db-v1,2026-01-20T15:36:16.440Z,Special Reflective,bridge over wide water surface,bridge over water,22.000,271.000,38.000,valid,1,2026-01-20T15:36:16.000Z,0.44,sage-event-context-alignment-v1
F1023_V70_D0120_P9__G27__ch5__nav_sage_v2__ingestion_20260825_event_path_v1__event_822__path_2,F1023_V70_D0120_P9__G27__ch5__nav_sage_v2__ingestion_20260825_event_path_v1__event_822,F1023_V70_D0120_P9__G27__ch5__nav_sage_v2__ingestion_20260825_event_path_v1,F1023_V70_D0120_P9,G27,5,822,2,stage4_joint,multipath,1,3.1,2.6,0.26,,,-1947.98344304985,60.9873821454651,-6.55295075543916,mean_relative_power_db,,,,confirmed_multipath,stage4-strict-confirmed-v1,scenes/F1023_V70_D0120_P9/sage_results/nav_sage_v2/G27/stage4_joint_paths.csv,02d2f4ab9ac1ba89a19e5163bbc7448e4d793fc9db8d953721a0ef50322bfbaa,5,eligible_pending_modeling_qa,,sage-event-path-db-v1,2026-01-20T15:36:16.420Z,Special Reflective,bridge over wide water surface,bridge over water,22.000,271.000,38.000,valid,1,2026-01-20T15:36:16.000Z,0.42,sage-event-context-alignment-v1
F1023_V70_D0120_P9__G27__ch5__nav_sage_v2__ingestion_20260825_event_path_v1__event_845__path_2,F1023_V70_D0120_P9__G27__ch5__nav_sage_v2__ingestion_20260825_event_path_v1__event_845,F1023_V70_D0120_P9__G27__ch5__nav_sage_v2__ingestion_20260825_event_path_v1,F1023_V70_D0120_P9,G27,5,845,2,stage4_joint,multipath,1,1.7,2.6,0.26,,,-1954.45299950589,54.2952915097351,-2.29558115602777,mean_relative_power_db,,,,confirmed_multipath,stage4-strict-confirmed-v1,scenes/F1023_V70_D0120_P9/sage_results/nav_sage_v2/G27/stage4_joint_paths.csv,02d2f4ab9ac1ba89a19e5163bbc7448e4d793fc9db8d953721a0ef50322bfbaa,7,eligible_pending_modeling_qa,,sage-event-path-db-v1,2026-01-20T15:36:16.880Z,Special Reflective,bridge over wide water surface,bridge over water,22.000,271.000,36.000,valid,1,2026-01-20T15:36:17.000Z,0.12,sage-event-context-alignment-v1
F1023_V70_D0120_P9__G27__ch5__nav_sage_v2__ingestion_20260825_event_path_v1__event_846__path_2,F1023_V70_D0120_P9__G27__ch5__nav_sage_v2__ingestion_20260825_event_path_v1__event_846,F1023_V70_D0120_P9__G27__ch5__nav_sage_v2__ingestion_20260825_event_path_v1,F1023_V70_D0120_P9,G27,5,846,2,stage4_joint,multipath,1,1.8,2.6,0.26,,,-1951.55063243782,59.439113655935,-2.79065278138611,mean_relative_power_db,,,,confirmed_multipath,stage4-strict-confirmed-v1,scenes/F1023_V70_D0120_P9/sage_results/nav_sage_v2/G27/stage4_joint_paths.csv,02d2f4ab9ac1ba89a19e5163bbc7448e4d793fc9db8d953721a0ef50322bfbaa,9,eligible_pending_modeling_qa,,sage-event-path-db-v1,2026-01-20T15:36:16.900Z,Special Reflective,bridge over wide water surface,bridge over water,22.000,271.000,36.000,valid,1,2026-01-20T15:36:17.000Z,0.1,sage-event-context-alignment-v1
F1023_V70_D0120_P9__G27__ch5__nav_sage_v2__ingestion_20260825_event_path_v1__event_847__path_2,F1023_V70_D0120_P9__G27__ch5__nav_sage_v2__ingestion_20260825_event_path_v1__event_847,F1023_V70_D0120_P9__G27__ch5__nav_sage_v2__ingestion_20260825_event_path_v1,F1023_V70_D0120_P9,G27,5,847,2,stage4_joint,multipath,1,1.9,2.7,0.27,,,-1951.26581908047,59.5829358023441,-3.18327858084326,mean_relative_power_db,,,,confirmed_multipath,stage4-strict-confirmed-v1,scenes/F1023_V70_D0120_P9/sage_results/nav_sage_v2/G27/stage4_joint_paths.csv,02d2f4ab9ac1ba89a19e5163bbc7448e4d793fc9db8d953721a0ef50322bfbaa,11,eligible_pending_modeling_qa,,sage-event-path-db-v1,2026-01-20T15:36:16.920Z,Special Reflective,bridge over wide water surface,bridge over water,22.000,271.000,36.000,valid,1,2026-01-20T15:36:17.000Z,0.08,sage-event-context-alignment-v1
F1023_V70_D0120_P9__G27__ch5__nav_sage_v2__ingestion_20260825_event_path_v1__event_755__path_2,F1023_V70_D0120_P9__G27__ch5__nav_sage_v2__ingestion_20260825_event_path_v1__event_755,F1023_V70_D0120_P9__G27__ch5__nav_sage_v2__ingestion_20260825_event_path_v1,F1023_V70_D0120_P9,G27,5,755,2,stage4_joint,multipath,1,4,3.3,0.33,,,-1952.31649474157,54.7545501803038,-3.66764242118774,mean_relative_power_db,,,,confirmed_multipath,stage4-strict-confirmed-v1,scenes/F1023_V70_D0120_P9/sage_results/nav_sage_v2/G27/stage4_joint_paths.csv,02d2f4ab9ac1ba89a19e5163bbc7448e4d793fc9db8d953721a0ef50322bfbaa,13,eligible_pending_modeling_qa,,sage-event-path-db-v1,2026-01-20T15:36:15.080Z,Special Reflective,bridge over wide water surface,bridge over water,22.000,271.000,41.000,valid,1,2026-01-20T15:36:15.000Z,0.08,sage-event-context-alignment-v1
F1023_V70_D0120_P9__G27__ch5__nav_sage_v2__ingestion_20260825_event_path_v1__event_757__path_2,F1023_V70_D0120_P9__G27__ch5__nav_sage_v2__ingestion_20260825_event_path_v1__event_757,F1023_V70_D0120_P9__G27__ch5__nav_sage_v2__ingestion_20260825_event_path_v1,F1023_V70_D0120_P9,G27,5,757,2,stage4_joint,multipath,1,2.7,3.2,0.32,,,-1951.52354006704,58.8072704798321,-5.19406710915628,mean_relative_power_db,,,,confirmed_multipath,stage4-strict-confirmed-v1,scenes/F1023_V70_D0120_P9/sage_results/nav_sage_v2/G27/stage4_joint_paths.csv,02d2f4ab9ac1ba89a19e5163bbc7448e4d793fc9db8d953721a0ef50322bfbaa,15,eligible_pending_modeling_qa,,sage-event-path-db-v1,2026-01-20T15:36:15.120Z,Special Reflective,bridge over wide water surface,bridge over water,22.000,271.000,41.000,valid,1,2026-01-20T15:36:15.000Z,0.12,sage-event-context-alignment-v1
F1023_V70_D0120_P9__G27__ch5__nav_sage_v2__ingestion_20260825_event_path_v1__event_796__path_2,F1023_V70_D0120_P9__G27__ch5__nav_sage_v2__ingestion_20260825_event_path_v1__event_796,F1023_V70_D0120_P9__G27__ch5__nav_sage_v2__ingestion_20260825_event_path_v1,F1023_V70_D0120_P9,G27,5,796,2,stage4_joint,multipath,1,2.2,2.8,0.28,,,-1953.3299668787,60.3353163244287,-4.71354633880288,mean_relative_power_db,,,,confirmed_multipath,stage4-strict-confirmed-v1,scenes/F1023_V70_D0120_P9/sage_results/nav_sage_v2/G27/stage4_joint_paths.csv,02d2f4ab9ac1ba89a19e5163bbc7448e4d793fc9db8d953721a0ef50322bfbaa,17,eligible_pending_modeling_qa,,sage-event-path-db-v1,2026-01-20T15:36:15.900Z,Special Reflective,bridge over wide water surface,bridge over water,22.000,271.000,38.000,valid,1,2026-01-20T15:36:16.000Z,0.1,sage-event-context-alignment-v1
F1023_V70_D0120_P9__G29__ch4__nav_sage_v2__ingestion_20260825_event_path_v1__event_560__path_2,F1023_V70_D0120_P9__G29__ch4__nav_sage_v2__ingestion_20260825_event_path_v1__event_560,F1023_V70_D0120_P9__G29__ch4__nav_sage_v2__ingestion_20260825_event_path_v1,F1023_V70_D0120_P9,G29,4,560,2,stage4_joint,multipath,1,1.4,1.1,0.11,,,-8127.89820276785,10.8005277008997,-7.17440666457061,mean_relative_power_db,,,,confirmed_multipath,stage4-strict-confirmed-v1,scenes/F1023_V70_D0120_P9/sage_results/nav_sage_v2/G29/stage4_joint_paths.csv,d22af2b6a71728bcd2ed5ad8911a0c584ac63df9e5f17ee7c8ab442d6b9c8843,9,eligible_pending_modeling_qa,,sage-event-path-db-v1,2026-01-20T15:35:41.180Z,Special Reflective,bridge over wide water surface,bridge over water,28.000,80.000,45.000,valid,1,2026-01-20T15:35:41.000Z,0.18,sage-event-context-alignment-v1
F1023_V70_D0120_P9__G31__ch7__nav_sage_v2__ingestion_20260825_event_path_v1__event_1476__path_2,F1023_V70_D0120_P9__G31__ch7__nav_sage_v2__ingestion_20260825_event_path_v1__event_1476,F1023_V70_D0120_P9__G31__ch7__nav_sage_v2__ingestion_20260825_event_path_v1,F1023_V70_D0120_P9,G31,7,1476,2,stage4_joint,multipath,1,1.1,1.2,0.12,,,-8310.73634411236,12.3993980751402,-3.04538863839837,mean_relative_power_db,,,,confirmed_multipath,stage4-strict-confirmed-v1,scenes/F1023_V70_D0120_P9/sage_results/nav_sage_v2/G31/stage4_joint_paths.csv,c4be4e9686be1afa01a3d56735ca6a5dc27c4c93048a4eec0e4a9827dcbd3f37,3,eligible_pending_modeling_qa,,sage-event-path-db-v1,2026-01-20T15:36:17.500Z,Special Reflective,bridge over wide water surface,bridge over water,29.000,223.000,46.000,valid,1,2026-01-20T15:36:17.000Z,0.5,sage-event-context-alignment-v1
F1023_V70_D0120_P9__G31__ch7__nav_sage_v2__ingestion_20260825_event_path_v1__event_449__path_2,F1023_V70_D0120_P9__G31__ch7__nav_sage_v2__ingestion_20260825_event_path_v1__event_449,F1023_V70_D0120_P9__G31__ch7__nav_sage_v2__ingestion_20260825_event_path_v1,F1023_V70_D0120_P9,G31,7,449,2,stage4_joint,multipath,1,1.2,1,0.1,,,-8317.62533913206,-0.157565694562436,0.339070822741958,mean_relative_power_db,,,,confirmed_multipath,stage4-strict-confirmed-v1,scenes/F1023_V70_D0120_P9/sage_results/nav_sage_v2/G31/stage4_joint_paths.csv,c4be4e9686be1afa01a3d56735ca6a5dc27c4c93048a4eec0e4a9827dcbd3f37,7,eligible_pending_modeling_qa,,sage-event-path-db-v1,2026-01-20T15:35:56.960Z,Special Reflective,bridge over wide water surface,bridge over water,29.000,223.000,46.000,valid,1,2026-01-20T15:35:57.000Z,0.04,sage-event-context-alignment-v1
F1023_V70_D0120_P9__G31__ch7__nav_sage_v2__ingestion_20260825_event_path_v1__event_451__path_2,F1023_V70_D0120_P9__G31__ch7__nav_sage_v2__ingestion_20260825_event_path_v1__event_451,F1023_V70_D0120_P9__G31__ch7__nav_sage_v2__ingestion_20260825_event_path_v1,F1023_V70_D0120_P9,G31,7,451,2,stage4_joint,multipath,1,1.2,1.2,0.12,,,-8311.29563818198,9.66725244302143,-3.07705977175952,mean_relative_power_db,,,,confirmed_multipath,stage4-strict-confirmed-v1,scenes/F1023_V70_D0120_P9/sage_results/nav_sage_v2/G31/stage4_joint_paths.csv,c4be4e9686be1afa01a3d56735ca6a5dc27c4c93048a4eec0e4a9827dcbd3f37,10,eligible_pending_modeling_qa,,sage-event-path-db-v1,2026-01-20T15:35:57.000Z,Special Reflective,bridge over wide water surface,bridge over water,29.000,223.000,46.000,valid,1,2026-01-20T15:35:57.000Z,0,sage-event-context-alignment-v1
F1023_V70_D0122_P1__G13__ch5__nav_sage_v2__ingestion_20260825_event_path_v1__event_69__path_2,F1023_V70_D0122_P1__G13__ch5__nav_sage_v2__ingestion_20260825_event_path_v1__event_69,F1023_V70_D0122_P1__G13__ch5__nav_sage_v2__ingestion_20260825_event_path_v1,F1023_V70_D0122_P1,G13,5,69,2,stage4_joint,multipath,1,1.2,1.1,0.11,,,-8612.46558071721,-10.3356979047148,-5.73621193729134,mean_relative_power_db,,,,confirmed_multipath,stage4-strict-confirmed-v1,scenes/F1023_V70_D0122_P1/sage_results/nav_sage_v2/G13/stage4_joint_paths.csv,7f2b486dc327422a91b7992f1fe5c984443706661c13323f9fca670b362b9440,5,eligible_pending_modeling_qa,,sage-event-path-db-v1,2026-01-22T08:22:31.360Z,Urban,street environment,urban street,31.000,152.000,47.000,valid,1,2026-01-22T08:22:31.990Z,0.63,sage-event-context-alignment-v1
F1023_V70_D0122_P1__G13__ch5__nav_sage_v2__ingestion_20260825_event_path_v1__event_1291__path_2,F1023_V70_D0122_P1__G13__ch5__nav_sage_v2__ingestion_20260825_event_path_v1__event_1291,F1023_V70_D0122_P1__G13__ch5__nav_sage_v2__ingestion_20260825_event_path_v1,F1023_V70_D0122_P1,G13,5,1291,2,stage4_joint,multipath,1,1.4,1.2,0.12,,,-8640.63341761102,-28.7603707360231,-12.8563382800761,mean_relative_power_db,,,,confirmed_multipath,stage4-strict-confirmed-v1,scenes/F1023_V70_D0122_P1/sage_results/nav_sage_v2/G13/stage4_joint_paths.csv,7f2b486dc327422a91b7992f1fe5c984443706661c13323f9fca670b362b9440,8,eligible_pending_modeling_qa,,sage-event-path-db-v1,2026-01-22T08:23:01.840Z,Urban,street environment,urban street,30.000,152.000,46.000,valid,1,2026-01-22T08:23:01.990Z,0.15,sage-event-context-alignment-v1
F1023_V70_D0122_P1__G15__ch8__nav_sage_v2__ingestion_20260825_event_path_v1__event_431__path_2,F1023_V70_D0122_P1__G15__ch8__nav_sage_v2__ingestion_20260825_event_path_v1__event_431,F1023_V70_D0122_P1__G15__ch8__nav_sage_v2__ingestion_20260825_event_path_v1,F1023_V70_D0122_P1,G15,8,431,2,stage4_joint,multipath,1,2,1.5,0.15,,,-7937.76707193244,22.5532405675585,-19.1617004204488,mean_relative_power_db,,,,confirmed_multipath,stage4-strict-confirmed-v1,scenes/F1023_V70_D0122_P1/sage_results/nav_sage_v2/G15/stage4_joint_paths.csv,c6587dd2e08f379601dc0c0be72c8f358aac6b8b17dcd92cba2725cef284176e,3,eligible_pending_modeling_qa,,sage-event-path-db-v1,2026-01-22T08:22:38.600Z,Urban,street environment,urban street,46.000,190.000,49.000,valid,1,2026-01-22T08:22:38.990Z,0.39,sage-event-context-alignment-v1
F1023_V70_D0122_P1__G15__ch8__nav_sage_v2__ingestion_20260825_event_path_v1__event_433__path_2,F1023_V70_D0122_P1__G15__ch8__nav_sage_v2__ingestion_20260825_event_path_v1__event_433,F1023_V70_D0122_P1__G15__ch8__nav_sage_v2__ingestion_20260825_event_path_v1,F1023_V70_D0122_P1,G15,8,433,2,stage4_joint,multipath,1,1.6,1.1,0.11,,,-7939.78860294401,22.2655962747403,-14.5129577264719,mean_relative_power_db,,,,confirmed_multipath,stage4-strict-confirmed-v1,scenes/F1023_V70_D0122_P1/sage_results/nav_sage_v2/G15/stage4_joint_paths.csv,c6587dd2e08f379601dc0c0be72c8f358aac6b8b17dcd92cba2725cef284176e,6,eligible_pending_modeling_qa,,sage-event-path-db-v1,2026-01-22T08:22:38.640Z,Urban,street environment,urban street,46.000,190.000,49.000,valid,1,2026-01-22T08:22:38.990Z,0.35,sage-event-context-alignment-v1
F1023_V70_D0122_P1__G15__ch8__nav_sage_v2__ingestion_20260825_event_path_v1__event_1585__path_2,F1023_V70_D0122_P1__G15__ch8__nav_sage_v2__ingestion_20260825_event_path_v1__event_1585,F1023_V70_D0122_P1__G15__ch8__nav_sage_v2__ingestion_20260825_event_path_v1,F1023_V70_D0122_P1,G15,8,1585,2,stage4_joint,multipath,1,1.9,1.2,0.12,,,-7959.07269335697,16.4732050805305,-17.4266250027851,mean_relative_power_db,,,,confirmed_multipath,stage4-strict-confirmed-v1,scenes/F1023_V70_D0122_P1/sage_results/nav_sage_v2/G15/stage4_joint_paths.csv,c6587dd2e08f379601dc0c0be72c8f358aac6b8b17dcd92cba2725cef284176e,8,eligible_pending_modeling_qa,,sage-event-path-db-v1,2026-01-22T08:23:01.680Z,Urban,street environment,urban street,46.000,190.000,50.000,valid,1,2026-01-22T08:23:01.990Z,0.31,sage-event-context-alignment-v1
F1023_V70_D0122_P1__G15__ch8__nav_sage_v2__ingestion_20260825_event_path_v1__event_1587__path_2,F1023_V70_D0122_P1__G15__ch8__nav_sage_v2__ingestion_20260825_event_path_v1__event_1587,F1023_V70_D0122_P1__G15__ch8__nav_sage_v2__ingestion_20260825_event_path_v1,F1023_V70_D0122_P1,G15,8,1587,2,stage4_joint,multipath,1,1.6,1.2,0.12,,,-7973.68284512357,1.41481112643487,-6.59429080239482,mean_relative_power_db,,,,confirmed_multipath,stage4-strict-confirmed-v1,scenes/F1023_V70_D0122_P1/sage_results/nav_sage_v2/G15/stage4_joint_paths.csv,c6587dd2e08f379601dc0c0be72c8f358aac6b8b17dcd92cba2725cef284176e,11,eligible_pending_modeling_qa,,sage-event-path-db-v1,2026-01-22T08:23:01.720Z,Urban,street environment,urban street,46.000,190.000,50.000,valid,1,2026-01-22T08:23:01.990Z,0.27,sage-event-context-alignment-v1
F1023_V70_D0122_P1__G17__ch2__nav_sage_v2__ingestion_20260825_event_path_v1__event_1428__path_2,F1023_V70_D0122_P1__G17__ch2__nav_sage_v2__ingestion_20260825_event_path_v1__event_1428,F1023_V70_D0122_P1__G17__ch2__nav_sage_v2__ingestion_20260825_event_path_v1,F1023_V70_D0122_P1,G17,2,1428,2,stage4_joint,multipath,1,1.4,1.2,0.12,,,-5166.08828653434,15.1636665906608,-9.96077344323427,mean_relative_power_db,,,,confirmed_multipath,stage4-strict-confirmed-v1,scenes/F1023_V70_D0122_P1/sage_results/nav_sage_v2/G17/stage4_joint_paths.csv,0ecb50ed1c72d10a9aba1fc79383d4bd1c6babad2ee8f89331bdef8b774aafc7,3,eligible_pending_modeling_qa,,sage-event-path-db-v1,2026-01-22T08:22:58.540Z,Urban,street environment,urban street,38.000,78.000,45.000,valid,1,2026-01-22T08:22:58.990Z,0.45,sage-event-context-alignment-v1
F1023_V70_D0122_P1__G17__ch2__nav_sage_v2__ingestion_20260825_event_path_v1__event_1318__path_2,F1023_V70_D0122_P1__G17__ch2__nav_sage_v2__ingestion_20260825_event_path_v1__event_1318,F1023_V70_D0122_P1__G17__ch2__nav_sage_v2__ingestion_20260825_event_path_v1,F1023_V70_D0122_P1,G17,2,1318,2,stage4_joint,multipath,1,3.8,3.6,0.36,,,-5101.86590780101,76.8938578239913,-14.565165401336,mean_relative_power_db,,,,confirmed_multipath,stage4-strict-confirmed-v1,scenes/F1023_V70_D0122_P1/sage_results/nav_sage_v2/G17/stage4_joint_paths.csv,0ecb50ed1c72d10a9aba1fc79383d4bd1c6babad2ee8f89331bdef8b774aafc7,6,eligible_pending_modeling_qa,,sage-event-path-db-v1,2026-01-22T08:22:56.340Z,Urban,street environment,urban street,38.000,78.000,47.000,valid,1,2026-01-22T08:22:55.990Z,0.35,sage-event-context-alignment-v1
F1023_V70_D0122_P1__G17__ch2__nav_sage_v2__ingestion_20260825_event_path_v1__event_1329__path_2,F1023_V70_D0122_P1__G17__ch2__nav_sage_v2__ingestion_20260825_event_path_v1__event_1329,F1023_V70_D0122_P1__G17__ch2__nav_sage_v2__ingestion_20260825_event_path_v1,F1023_V70_D0122_P1,G17,2,1329,2,stage4_joint,multipath,1,3.9,3.5,0.35,,,-5096.02415061082,80.5735056391813,-11.5782588614723,mean_relative_power_db,,,,confirmed_multipath,stage4-strict-confirmed-v1,scenes/F1023_V70_D0122_P1/sage_results/nav_sage_v2/G17/stage4_joint_paths.csv,0ecb50ed1c72d10a9aba1fc79383d4bd1c6babad2ee8f89331bdef8b774aafc7,8,eligible_pending_modeling_qa,,sage-event-path-db-v1,2026-01-22T08:22:56.560Z,Urban,street environment,urban street,38.000,78.000,46.000,valid,1,2026-01-22T08:22:56.990Z,0.43,sage-event-context-alignment-v1
F1023_V70_D0122_P1__G17__ch2__nav_sage_v2__ingestion_20260825_event_path_v1__event_1560__path_2,F1023_V70_D0122_P1__G17__ch2__nav_sage_v2__ingestion_20260825_event_path_v1__event_1560,F1023_V70_D0122_P1__G17__ch2__nav_sage_v2__ingestion_20260825_event_path_v1,F1023_V70_D0122_P1,G17,2,1560,2,stage4_joint,multipath,1,2,1.7,0.17,,,-5115.61815955538,62.2031295071156,-12.65306139331,mean_relative_power_db,,,,confirmed_multipath,stage4-strict-confirmed-v1,scenes/F1023_V70_D0122_P1/sage_results/nav_sage_v2/G17/stage4_joint_paths.csv,0ecb50ed1c72d10a9aba1fc79383d4bd1c6babad2ee8f89331bdef8b774aafc7,10,eligible_pending_modeling_qa,,sage-event-path-db-v1,2026-01-22T08:23:01.180Z,Urban,street environment,urban street,38.000,78.000,45.000,valid,1,2026-01-22T08:23:00.990Z,0.19,sage-event-context-alignment-v1
F1023_V70_D0122_P1__G17__ch2__nav_sage_v2__ingestion_20260825_event_path_v1__event_1562__path_2,F1023_V70_D0122_P1__G17__ch2__nav_sage_v2__ingestion_20260825_event_path_v1__event_1562,F1023_V70_D0122_P1__G17__ch2__nav_sage_v2__ingestion_20260825_event_path_v1,F1023_V70_D0122_P1,G17,2,1562,2,stage4_joint,multipath,1,2,1.6,0.16,,,-5117.16971757198,57.144735553019,-12.4124202910959,mean_relative_power_db,,,,confirmed_multipath,stage4-strict-confirmed-v1,scenes/F1023_V70_D0122_P1/sage_results/nav_sage_v2/G17/stage4_joint_paths.csv,0ecb50ed1c72d10a9aba1fc79383d4bd1c6babad2ee8f89331bdef8b774aafc7,12,eligible_pending_modeling_qa,,sage-event-path-db-v1,2026-01-22T08:23:01.220Z,Urban,street environment,urban street,38.000,78.000,45.000,valid,1,2026-01-22T08:23:00.990Z,0.23,sage-event-context-alignment-v1
F1023_V70_D0122_P1__G17__ch2__nav_sage_v2__ingestion_20260825_event_path_v1__event_1332__path_2,F1023_V70_D0122_P1__G17__ch2__nav_sage_v2__ingestion_20260825_event_path_v1__event_1332,F1023_V70_D0122_P1__G17__ch2__nav_sage_v2__ingestion_20260825_event_path_v1,F1023_V70_D0122_P1,G17,2,1332,2,stage4_joint,multipath,1,4.1,3.5,0.35,,,-5094.14694197375,85.2134095887468,-13.2040150539852,mean_relative_power_db,,,,confirmed_multipath,stage4-strict-confirmed-v1,scenes/F1023_V70_D0122_P1/sage_results/nav_sage_v2/G17/stage4_joint_paths.csv,0ecb50ed1c72d10a9aba1fc79383d4bd1c6babad2ee8f89331bdef8b774aafc7,14,eligible_pending_modeling_qa,,sage-event-path-db-v1,2026-01-22T08:22:56.620Z,Urban,street environment,urban street,38.000,78.000,46.000,valid,1,2026-01-22T08:22:56.990Z,0.37,sage-event-context-alignment-v1
F1023_V70_D0122_P1__G17__ch2__nav_sage_v2__ingestion_20260825_event_path_v1__event_1429__path_2,F1023_V70_D0122_P1__G17__ch2__nav_sage_v2__ingestion_20260825_event_path_v1__event_1429,F1023_V70_D0122_P1__G17__ch2__nav_sage_v2__ingestion_20260825_event_path_v1,F1023_V70_D0122_P1,G17,2,1429,2,stage4_joint,multipath,1,3.3,2.8,0.28,,,-5101.92047937174,75.2426065657573,-13.8878213302037,mean_relative_power_db,,,,confirmed_multipath,stage4-strict-confirmed-v1,scenes/F1023_V70_D0122_P1/sage_results/nav_sage_v2/G17/stage4_joint_paths.csv,0ecb50ed1c72d10a9aba1fc79383d4bd1c6babad2ee8f89331bdef8b774aafc7,16,eligible_pending_modeling_qa,,sage-event-path-db-v1,2026-01-22T08:22:58.560Z,Urban,street environment,urban street,38.000,78.000,45.000,valid,1,2026-01-22T08:22:58.990Z,0.43,sage-event-context-alignment-v1
F1023_V70_D0122_P1__G17__ch2__nav_sage_v2__ingestion_20260825_event_path_v1__event_1429__path_3,F1023_V70_D0122_P1__G17__ch2__nav_sage_v2__ingestion_20260825_event_path_v1__event_1429,F1023_V70_D0122_P1__G17__ch2__nav_sage_v2__ingestion_20260825_event_path_v1,F1023_V70_D0122_P1,G17,2,1429,3,stage4_joint,multipath,1,8.4,7.9,0.79,,,-5041.92047937174,135.242606565757,-21.6291224977883,mean_relative_power_db,,,,confirmed_multipath,stage4-strict-confirmed-v1,scenes/F1023_V70_D0122_P1/sage_results/nav_sage_v2/G17/stage4_joint_paths.csv,0ecb50ed1c72d10a9aba1fc79383d4bd1c6babad2ee8f89331bdef8b774aafc7,17,eligible_pending_modeling_qa,,sage-event-path-db-v1,2026-01-22T08:22:58.560Z,Urban,street environment,urban street,38.000,78.000,45.000,valid,1,2026-01-22T08:22:58.990Z,0.43,sage-event-context-alignment-v1
F1023_V70_D0122_P1__G17__ch2__nav_sage_v2__ingestion_20260825_event_path_v1__event_1429__path_4,F1023_V70_D0122_P1__G17__ch2__nav_sage_v2__ingestion_20260825_event_path_v1__event_1429,F1023_V70_D0122_P1__G17__ch2__nav_sage_v2__ingestion_20260825_event_path_v1,F1023_V70_D0122_P1,G17,2,1429,4,stage4_joint,multipath,1,37.9,37.4,3.74,,,-5036.92047937174,140.242606565757,-21.7625884166334,mean_relative_power_db,,,,confirmed_multipath,stage4-strict-confirmed-v1,scenes/F1023_V70_D0122_P1/sage_results/nav_sage_v2/G17/stage4_joint_paths.csv,0ecb50ed1c72d10a9aba1fc79383d4bd1c6babad2ee8f89331bdef8b774aafc7,18,eligible_pending_modeling_qa,,sage-event-path-db-v1,2026-01-22T08:22:58.560Z,Urban,street environment,urban street,38.000,78.000,45.000,valid,1,2026-01-22T08:22:58.990Z,0.43,sage-event-context-alignment-v1
F1023_V70_D0122_P1__G19__ch11__nav_sage_v2__ingestion_20260825_event_path_v1__event_1434__path_2,F1023_V70_D0122_P1__G19__ch11__nav_sage_v2__ingestion_20260825_event_path_v1__event_1434,F1023_V70_D0122_P1__G19__ch11__nav_sage_v2__ingestion_20260825_event_path_v1,F1023_V70_D0122_P1,G19,11,1434,2,stage4_joint,multipath,1,2.9,2.7,0.27,,,-3009.01747871547,50.6373064407817,-14.005879242939,mean_relative_power_db,,,,confirmed_multipath,stage4-strict-confirmed-v1,scenes/F1023_V70_D0122_P1/sage_results/nav_sage_v2/G19/stage4_joint_paths.csv,c7c9ffa31e4012a9bb70bf0ec5cf6794204e74fe0827bde14b63def1f42090cb,3,eligible_pending_modeling_qa,,sage-event-path-db-v1,2026-01-22T08:22:58.660Z,Urban,street environment,urban street,36.000,112.000,46.000,valid,1,2026-01-22T08:22:58.990Z,0.33,sage-event-context-alignment-v1
F1023_V70_D0122_P1__G22__ch4__nav_sage_v2__ingestion_20260825_event_path_v1__event_446__path_2,F1023_V70_D0122_P1__G22__ch4__nav_sage_v2__ingestion_20260825_event_path_v1__event_446,F1023_V70_D0122_P1__G22__ch4__nav_sage_v2__ingestion_20260825_event_path_v1,F1023_V70_D0122_P1,G22,4,446,2,stage4_joint,multipath,1,2.1,1.4,0.14,,,-7749.83700178315,75.3959083730961,-18.5408561785385,mean_relative_power_db,,,,confirmed_multipath,stage4-strict-confirmed-v1,scenes/F1023_V70_D0122_P1/sage_results/nav_sage_v2/G22/stage4_joint_paths.csv,92ce0ff030919afe94a2bc560c60975d35229587a4b7e85fda2343a9056e7185,9,eligible_pending_modeling_qa,,sage-event-path-db-v1,2026-01-22T08:22:38.900Z,Urban,street environment,urban street,38.000,60.000,46.000,valid,1,2026-01-22T08:22:38.990Z,0.09,sage-event-context-alignment-v1
F1023_V70_D0122_P1__G22__ch4__nav_sage_v2__ingestion_20260825_event_path_v1__event_434__path_2,F1023_V70_D0122_P1__G22__ch4__nav_sage_v2__ingestion_20260825_event_path_v1__event_434,F1023_V70_D0122_P1__G22__ch4__nav_sage_v2__ingestion_20260825_event_path_v1,F1023_V70_D0122_P1,G22,4,434,2,stage4_joint,multipath,1,1.6,1.2,0.12,,,-7748.7048860275,77.1217741287501,-15.8635228887381,mean_relative_power_db,,,,confirmed_multipath,stage4-strict-confirmed-v1,scenes/F1023_V70_D0122_P1/sage_results/nav_sage_v2/G22/stage4_joint_paths.csv,92ce0ff030919afe94a2bc560c60975d35229587a4b7e85fda2343a9056e7185,11,eligible_pending_modeling_qa,,sage-event-path-db-v1,2026-01-22T08:22:38.660Z,Urban,street environment,urban street,38.000,60.000,46.000,valid,1,2026-01-22T08:22:38.990Z,0.33,sage-event-context-alignment-v1
F1023_V70_D0122_P1__G24__ch7__nav_sage_v2__ingestion_20260825_event_path_v1__event_932__path_2,F1023_V70_D0122_P1__G24__ch7__nav_sage_v2__ingestion_20260825_event_path_v1__event_932,F1023_V70_D0122_P1__G24__ch7__nav_sage_v2__ingestion_20260825_event_path_v1,F1023_V70_D0122_P1,G24,7,932,2,stage4_joint,multipath,1,2,1.5,0.15,,,-3917.89942782537,-32.4240860284913,-18.2565229313169,mean_relative_power_db,,,,confirmed_multipath,stage4-strict-confirmed-v1,scenes/F1023_V70_D0122_P1/sage_results/nav_sage_v2/G24/stage4_joint_paths.csv,e05245afcaf23f7235356a9279b7508fa3e52b25656862f8d17e9ec45fcece47,7,eligible_pending_modeling_qa,,sage-event-path-db-v1,2026-01-22T08:22:48.620Z,Urban,street environment,urban street,69.000,280.000,49.000,valid,1,2026-01-22T08:22:48.990Z,0.37,sage-event-context-alignment-v1
F1023_V70_D0122_P1__G24__ch7__nav_sage_v2__ingestion_20260825_event_path_v1__event_1361__path_2,F1023_V70_D0122_P1__G24__ch7__nav_sage_v2__ingestion_20260825_event_path_v1__event_1361,F1023_V70_D0122_P1__G24__ch7__nav_sage_v2__ingestion_20260825_event_path_v1,F1023_V70_D0122_P1,G24,7,1361,2,stage4_joint,multipath,1,1.2,1,0.1,,,-3885.87485850364,12.9928172776113,-9.99501464006769,mean_relative_power_db,,,,confirmed_multipath,stage4-strict-confirmed-v1,scenes/F1023_V70_D0122_P1/sage_results/nav_sage_v2/G24/stage4_joint_paths.csv,e05245afcaf23f7235356a9279b7508fa3e52b25656862f8d17e9ec45fcece47,9,eligible_pending_modeling_qa,,sage-event-path-db-v1,2026-01-22T08:22:57.200Z,Urban,street environment,urban street,69.000,280.000,48.000,valid,1,2026-01-22T08:22:56.990Z,0.21,sage-event-context-alignment-v1
F1023_V70_D0122_P1__G24__ch7__nav_sage_v2__ingestion_20260825_event_path_v1__event_1362__path_2,F1023_V70_D0122_P1__G24__ch7__nav_sage_v2__ingestion_20260825_event_path_v1__event_1362,F1023_V70_D0122_P1__G24__ch7__nav_sage_v2__ingestion_20260825_event_path_v1,F1023_V70_D0122_P1,G24,7,1362,2,stage4_joint,multipath,1,1.3,1.2,0.12,,,-3888.96860850364,7.99281727761127,-10.8109650342901,mean_relative_power_db,,,,confirmed_multipath,stage4-strict-confirmed-v1,scenes/F1023_V70_D0122_P1/sage_results/nav_sage_v2/G24/stage4_joint_paths.csv,e05245afcaf23f7235356a9279b7508fa3e52b25656862f8d17e9ec45fcece47,11,eligible_pending_modeling_qa,,sage-event-path-db-v1,2026-01-22T08:22:57.220Z,Urban,street environment,urban street,69.000,280.000,48.000,valid,1,2026-01-22T08:22:56.990Z,0.23,sage-event-context-alignment-v1
F1023_V70_D0122_P2__G23__ch10__nav_sage_v2__ingestion_20260825_event_path_v1__event_889__path_2,F1023_V70_D0122_P2__G23__ch10__nav_sage_v2__ingestion_20260825_event_path_v1__event_889,F1023_V70_D0122_P2__G23__ch10__nav_sage_v2__ingestion_20260825_event_path_v1,F1023_V70_D0122_P2,G23,10,889,2,stage4_joint,multipath,1,2.1,1.7,0.17,,,-7367.21867429175,-35.9042211667502,-12.7993145087061,mean_relative_power_db,,,,confirmed_multipath,stage4-strict-confirmed-v1,scenes/F1023_V70_D0122_P2/sage_results/nav_sage_v2/G23/stage4_joint_paths.csv,277266fdec5a0c163c7fbd63e59e89c6ade829b4bad1a154a09fbbb8cdfc57bd,4,eligible_pending_modeling_qa,,sage-event-path-db-v1,2026-01-22T08:31:17.760Z,Special Reflective,"railway, communication tower and vegetation",urban road near railway,23.000,264.000,40.000,valid,1,2026-01-22T08:31:17.990Z,0.23,sage-event-context-alignment-v1
F1023_V70_D0122_P2__G23__ch10__nav_sage_v2__ingestion_20260825_event_path_v1__event_1071__path_2,F1023_V70_D0122_P2__G23__ch10__nav_sage_v2__ingestion_20260825_event_path_v1__event_1071,F1023_V70_D0122_P2__G23__ch10__nav_sage_v2__ingestion_20260825_event_path_v1,F1023_V70_D0122_P2,G23,10,1071,2,stage4_joint,multipath,1,0.5,2.4,0.24,,,-7402.69044593762,-62.5005045313692,-3.20661635132362,mean_relative_power_db,,,,confirmed_multipath,stage4-strict-confirmed-v1,scenes/F1023_V70_D0122_P2/sage_results/nav_sage_v2/G23/stage4_joint_paths.csv,277266fdec5a0c163c7fbd63e59e89c6ade829b4bad1a154a09fbbb8cdfc57bd,6,eligible_pending_modeling_qa,,sage-event-path-db-v1,2026-01-22T08:31:21.400Z,Special Reflective,"railway, communication tower and vegetation",urban road near railway,23.000,264.000,40.000,valid,1,2026-01-22T08:31:20.990Z,0.41,sage-event-context-alignment-v1
F1023_V70_D0122_P2__G23__ch10__nav_sage_v2__ingestion_20260825_event_path_v1__event_2143__path_2,F1023_V70_D0122_P2__G23__ch10__nav_sage_v2__ingestion_20260825_event_path_v1__event_2143,F1023_V70_D0122_P2__G23__ch10__nav_sage_v2__ingestion_20260825_event_path_v1,F1023_V70_D0122_P2,G23,10,2143,2,stage4_joint,multipath,1,0.9,1.3,0.13,,,-7403.8009043925,0.41296279499511,-4.01871024037453,mean_relative_power_db,,,,confirmed_multipath,stage4-strict-confirmed-v1,scenes/F1023_V70_D0122_P2/sage_results/nav_sage_v2/G23/stage4_joint_paths.csv,277266fdec5a0c163c7fbd63e59e89c6ade829b4bad1a154a09fbbb8cdfc57bd,8,eligible_pending_modeling_qa,,sage-event-path-db-v1,2026-01-22T08:32:12.880Z,Special Reflective,"railway, communication tower and vegetation",urban road near railway,23.000,264.000,46.000,valid,1,2026-01-22T08:32:12.990Z,0.11,sage-event-context-alignment-v1
F1023_V70_D0122_P2__G23__ch10__nav_sage_v2__ingestion_20260825_event_path_v1__event_877__path_2,F1023_V70_D0122_P2__G23__ch10__nav_sage_v2__ingestion_20260825_event_path_v1__event_877,F1023_V70_D0122_P2__G23__ch10__nav_sage_v2__ingestion_20260825_event_path_v1,F1023_V70_D0122_P2,G23,10,877,2,stage4_joint,multipath,1,1.1,1,0.1,,,-7360.66515220046,-35.5108553254604,-8.91496196205138,mean_relative_power_db,,,,confirmed_multipath,stage4-strict-confirmed-v1,scenes/F1023_V70_D0122_P2/sage_results/nav_sage_v2/G23/stage4_joint_paths.csv,277266fdec5a0c163c7fbd63e59e89c6ade829b4bad1a154a09fbbb8cdfc57bd,10,eligible_pending_modeling_qa,,sage-event-path-db-v1,2026-01-22T08:31:17.520Z,Special Reflective,"railway, communication tower and vegetation",urban road near railway,23.000,264.000,40.000,valid,1,2026-01-22T08:31:17.990Z,0.47,sage-event-context-alignment-v1
F1023_V70_D0122_P2__G23__ch10__nav_sage_v2__ingestion_20260825_event_path_v1__event_878__path_2,F1023_V70_D0122_P2__G23__ch10__nav_sage_v2__ingestion_20260825_event_path_v1__event_878,F1023_V70_D0122_P2__G23__ch10__nav_sage_v2__ingestion_20260825_event_path_v1,F1023_V70_D0122_P2,G23,10,878,2,stage4_joint,multipath,1,1.1,1,0.1,,,-7368.39259414631,-40.1269691463121,-12.0687041174273,mean_relative_power_db,,,,confirmed_multipath,stage4-strict-confirmed-v1,scenes/F1023_V70_D0122_P2/sage_results/nav_sage_v2/G23/stage4_joint_paths.csv,277266fdec5a0c163c7fbd63e59e89c6ade829b4bad1a154a09fbbb8cdfc57bd,12,eligible_pending_modeling_qa,,sage-event-path-db-v1,2026-01-22T08:31:17.540Z,Special Reflective,"railway, communication tower and vegetation",urban road near railway,23.000,264.000,40.000,valid,1,2026-01-22T08:31:17.990Z,0.45,sage-event-context-alignment-v1
F1023_V70_D0122_P2__G23__ch10__nav_sage_v2__ingestion_20260825_event_path_v1__event_888__path_2,F1023_V70_D0122_P2__G23__ch10__nav_sage_v2__ingestion_20260825_event_path_v1__event_888,F1023_V70_D0122_P2__G23__ch10__nav_sage_v2__ingestion_20260825_event_path_v1,F1023_V70_D0122_P2,G23,10,888,2,stage4_joint,multipath,1,1,1,0.1,,,-7350.99074406577,-21.2881073470153,-8.08846445975634,mean_relative_power_db,,,,confirmed_multipath,stage4-strict-confirmed-v1,scenes/F1023_V70_D0122_P2/sage_results/nav_sage_v2/G23/stage4_joint_paths.csv,277266fdec5a0c163c7fbd63e59e89c6ade829b4bad1a154a09fbbb8cdfc57bd,14,eligible_pending_modeling_qa,,sage-event-path-db-v1,2026-01-22T08:31:17.740Z,Special Reflective,"railway, communication tower and vegetation",urban road near railway,23.000,264.000,40.000,valid,1,2026-01-22T08:31:17.990Z,0.25,sage-event-context-alignment-v1
F1023_V70_D0122_P2__G23__ch10__nav_sage_v2__ingestion_20260825_event_path_v1__event_891__path_2,F1023_V70_D0122_P2__G23__ch10__nav_sage_v2__ingestion_20260825_event_path_v1__event_891,F1023_V70_D0122_P2__G23__ch10__nav_sage_v2__ingestion_20260825_event_path_v1,F1023_V70_D0122_P2,G23,10,891,2,stage4_joint,multipath,1,2,1.6,0.16,,,-7374.51389021359,-45.1364488073377,-14.5561429262998,mean_relative_power_db,,,,confirmed_multipath,stage4-strict-confirmed-v1,scenes/F1023_V70_D0122_P2/sage_results/nav_sage_v2/G23/stage4_joint_paths.csv,277266fdec5a0c163c7fbd63e59e89c6ade829b4bad1a154a09fbbb8cdfc57bd,16,eligible_pending_modeling_qa,,sage-event-path-db-v1,2026-01-22T08:31:17.800Z,Special Reflective,"railway, communication tower and vegetation",urban road near railway,23.000,264.000,40.000,valid,1,2026-01-22T08:31:17.990Z,0.19,sage-event-context-alignment-v1
F1023_V70_D0122_P2__G24__ch3__nav_sage_v2__ingestion_20260825_event_path_v1__event_3071__path_2,F1023_V70_D0122_P2__G24__ch3__nav_sage_v2__ingestion_20260825_event_path_v1__event_3071,F1023_V70_D0122_P2__G24__ch3__nav_sage_v2__ingestion_20260825_event_path_v1,F1023_V70_D0122_P2,G24,3,3071,2,stage4_joint,multipath,1,1.2,1.1,0.11,,,-4367.19782440679,-26.5908908130405,-13.6777357721207,mean_relative_power_db,,,,confirmed_multipath,stage4-strict-confirmed-v1,scenes/F1023_V70_D0122_P2/sage_results/nav_sage_v2/G24/stage4_joint_paths.csv,b1c0eea5491d6a2db758374cbb79d4fda6c58af4f95e99692b14545e0ee9def7,10,eligible_pending_modeling_qa,,sage-event-path-db-v1,2026-01-22T08:32:01.400Z,Special Reflective,"railway, communication tower and vegetation",urban road near railway,74.000,279.000,47.000,valid,1,2026-01-22T08:32:00.990Z,0.41,sage-event-context-alignment-v1
F1023_V80_D0117_P8__G28__ch6__nav_sage_v2__ingestion_20260825_event_path_v1__event_432__path_2,F1023_V80_D0117_P8__G28__ch6__nav_sage_v2__ingestion_20260825_event_path_v1__event_432,F1023_V80_D0117_P8__G28__ch6__nav_sage_v2__ingestion_20260825_event_path_v1,F1023_V80_D0117_P8,G28,6,432,2,stage4_joint,multipath,1,1.3,1.1,0.11,,,-3414.60133566034,35.8854807459065,-15.9704869274224,mean_relative_power_db,,,,confirmed_multipath,stage4-strict-confirmed-v1,scenes/F1023_V80_D0117_P8/sage_results/nav_sage_v2/G28/stage4_joint_paths.csv,196be526c2dcc05ac7d6686f0e2b87efed74834f2e8c11eb0e4770d85b058eca,4,eligible_pending_modeling_qa,,sage-event-path-db-v1,2026-01-17T12:40:56.620Z,Highway/Open,open road,open road,50.000,297.000,45.000,valid,1,2026-01-17T12:40:56.990Z,0.37,sage-event-context-alignment-v1
F1023_V80_D0117_P8__G28__ch6__nav_sage_v2__ingestion_20260825_event_path_v1__event_433__path_2,F1023_V80_D0117_P8__G28__ch6__nav_sage_v2__ingestion_20260825_event_path_v1__event_433,F1023_V80_D0117_P8__G28__ch6__nav_sage_v2__ingestion_20260825_event_path_v1,F1023_V80_D0117_P8,G28,6,433,2,stage4_joint,multipath,1,2,1.7,0.17,,,-3420.41618101331,31.0476861741872,-15.4362729204808,mean_relative_power_db,,,,confirmed_multipath,stage4-strict-confirmed-v1,scenes/F1023_V80_D0117_P8/sage_results/nav_sage_v2/G28/stage4_joint_paths.csv,196be526c2dcc05ac7d6686f0e2b87efed74834f2e8c11eb0e4770d85b058eca,6,eligible_pending_modeling_qa,,sage-event-path-db-v1,2026-01-17T12:40:56.640Z,Highway/Open,open road,open road,50.000,297.000,45.000,valid,1,2026-01-17T12:40:56.990Z,0.35,sage-event-context-alignment-v1
F1023_V80_D0117_P8__G28__ch6__nav_sage_v2__ingestion_20260825_event_path_v1__event_434__path_2,F1023_V80_D0117_P8__G28__ch6__nav_sage_v2__ingestion_20260825_event_path_v1__event_434,F1023_V80_D0117_P8__G28__ch6__nav_sage_v2__ingestion_20260825_event_path_v1,F1023_V80_D0117_P8,G28,6,434,2,stage4_joint,multipath,1,1.4,1.1,0.11,,,-3418.81403417878,31.2098916024684,-16.0883789619973,mean_relative_power_db,,,,confirmed_multipath,stage4-strict-confirmed-v1,scenes/F1023_V80_D0117_P8/sage_results/nav_sage_v2/G28/stage4_joint_paths.csv,196be526c2dcc05ac7d6686f0e2b87efed74834f2e8c11eb0e4770d85b058eca,9,eligible_pending_modeling_qa,,sage-event-path-db-v1,2026-01-17T12:40:56.660Z,Highway/Open,open road,open road,50.000,297.000,45.000,valid,1,2026-01-17T12:40:56.990Z,0.33,sage-event-context-alignment-v1
F1023_V80_D0117_P8__G29__ch9__nav_sage_v2__ingestion_20260825_event_path_v1__event_733__path_2,F1023_V80_D0117_P8__G29__ch9__nav_sage_v2__ingestion_20260825_event_path_v1__event_733,F1023_V80_D0117_P8__G29__ch9__nav_sage_v2__ingestion_20260825_event_path_v1,F1023_V80_D0117_P8,G29,9,733,2,stage4_joint,multipath,1,1.3,1,0.1,,,-3685.56103604256,15.6611319261892,-12.5906314685102,mean_relative_power_db,,,,confirmed_multipath,stage4-strict-confirmed-v1,scenes/F1023_V80_D0117_P8/sage_results/nav_sage_v2/G29/stage4_joint_paths.csv,a05e6fb9abe3bf5bec1c350b97b93ebbf599a6a6af5a9fbcbb4e94971901e9c9,10,eligible_pending_modeling_qa,,sage-event-path-db-v1,2026-01-17T12:41:02.640Z,Highway/Open,open road,open road,67.000,209.000,44.000,valid,1,2026-01-17T12:41:02.990Z,0.35,sage-event-context-alignment-v1
F1023_v90_D0117_P7__G25__ch0__nav_sage_v2__ingestion_20260825_event_path_v1__event_47__path_2,F1023_v90_D0117_P7__G25__ch0__nav_sage_v2__ingestion_20260825_event_path_v1__event_47,F1023_v90_D0117_P7__G25__ch0__nav_sage_v2__ingestion_20260825_event_path_v1,F1023_v90_D0117_P7,G25,0,47,2,stage4_joint,multipath,1,1.4,1.1,0.11,,,-5774.96216274846,9.66430209528517,-10.1780500244351,mean_relative_power_db,,,,confirmed_multipath,stage4-strict-confirmed-v1,scenes/F1023_v90_D0117_P7/sage_results/nav_sage_v2/G25/stage4_joint_paths.csv,a231c10582509c5944c54938eba0953f8d1003d74ff41a01431b5e7597bc62ed,5,eligible_pending_modeling_qa,,sage-event-path-db-v1,2026-01-17T12:37:00.920Z,Mountain/Valley,open mountain winding road,open mountain winding road,80.000,57.000,48.000,valid,1,2026-01-17T12:37:01.990Z,1.07,sage-event-context-alignment-v1
F1023_v90_D0117_P7__G25__ch0__nav_sage_v2__ingestion_20260825_event_path_v1__event_84__path_2,F1023_v90_D0117_P7__G25__ch0__nav_sage_v2__ingestion_20260825_event_path_v1__event_84,F1023_v90_D0117_P7__G25__ch0__nav_sage_v2__ingestion_20260825_event_path_v1,F1023_v90_D0117_P7,G25,0,84,2,stage4_joint,multipath,1,1.4,1,0.1,,,-5771.91724087346,14.6643020952852,-11.4893364497269,mean_relative_power_db,,,,confirmed_multipath,stage4-strict-confirmed-v1,scenes/F1023_v90_D0117_P7/sage_results/nav_sage_v2/G25/stage4_joint_paths.csv,a231c10582509c5944c54938eba0953f8d1003d74ff41a01431b5e7597bc62ed,7,eligible_pending_modeling_qa,,sage-event-path-db-v1,2026-01-17T12:37:01.660Z,Mountain/Valley,open mountain winding road,open mountain winding road,80.000,57.000,48.000,valid,1,2026-01-17T12:37:01.990Z,0.33,sage-event-context-alignment-v1
F1023_v90_D0117_P7__G28__ch4__nav_sage_v2__ingestion_20260825_event_path_v1__event_9__path_2,F1023_v90_D0117_P7__G28__ch4__nav_sage_v2__ingestion_20260825_event_path_v1__event_9,F1023_v90_D0117_P7__G28__ch4__nav_sage_v2__ingestion_20260825_event_path_v1,F1023_v90_D0117_P7,G28,4,9,2,stage4_joint,multipath,1,0.9,1.1,0.11,,,-3268.29682923266,-5.20234681078637,-6.87295082668952,mean_relative_power_db,,,,confirmed_multipath,stage4-strict-confirmed-v1,scenes/F1023_v90_D0117_P7/sage_results/nav_sage_v2/G28/stage4_joint_paths.csv,69963590a85f730cfd2b7d5b800f3024540938112b88c00cf2c46543f7ef02a2,5,eligible_pending_modeling_qa,,sage-event-path-db-v1,2026-01-17T12:37:30.160Z,Mountain/Valley,open mountain winding road,open mountain winding road,49.000,299.000,45.000,valid,1,2026-01-17T12:37:30.990Z,0.83,sage-event-context-alignment-v1
F1023_v90_D0117_P7__G32__ch5__nav_sage_v2__ingestion_20260825_event_path_v1__event_150__path_2,F1023_v90_D0117_P7__G32__ch5__nav_sage_v2__ingestion_20260825_event_path_v1__event_150,F1023_v90_D0117_P7__G32__ch5__nav_sage_v2__ingestion_20260825_event_path_v1,F1023_v90_D0117_P7,G32,5,150,2,stage4_joint,multipath,1,1.3,1.2,0.12,,,-7640.79642957859,-8.18217176609323,0.036341332758025,mean_relative_power_db,,,,confirmed_multipath,stage4-strict-confirmed-v1,scenes/F1023_v90_D0117_P7/sage_results/nav_sage_v2/G32/stage4_joint_paths.csv,e037160805c5c5c3b88abc720b43d26b340a06cc85f51d9b12c2ca06dc2ce18f,6,eligible_pending_modeling_qa,,sage-event-path-db-v1,2026-01-17T12:37:02.980Z,Mountain/Valley,open mountain winding road,open mountain winding road,22.000,243.000,44.000,valid,1,2026-01-17T12:37:02.990Z,0.01,sage-event-context-alignment-v1
F1023_v90_D0117_P7__G32__ch5__nav_sage_v2__ingestion_20260825_event_path_v1__event_148__path_2,F1023_v90_D0117_P7__G32__ch5__nav_sage_v2__ingestion_20260825_event_path_v1__event_148,F1023_v90_D0117_P7__G32__ch5__nav_sage_v2__ingestion_20260825_event_path_v1,F1023_v90_D0117_P7,G32,5,148,2,stage4_joint,multipath,1,1.3,1.2,0.12,,,-7641.35014329624,-7.76908860873755,-3.72939563502487,mean_relative_power_db,,,,confirmed_multipath,stage4-strict-confirmed-v1,scenes/F1023_v90_D0117_P7/sage_results/nav_sage_v2/G32/stage4_joint_paths.csv,e037160805c5c5c3b88abc720b43d26b340a06cc85f51d9b12c2ca06dc2ce18f,8,eligible_pending_modeling_qa,,sage-event-path-db-v1,2026-01-17T12:37:02.940Z,Mountain/Valley,open mountain winding road,open mountain winding road,22.000,243.000,44.000,valid,1,2026-01-17T12:37:02.990Z,0.05,sage-event-context-alignment-v1
F1023_v90_D0117_P7__G32__ch5__nav_sage_v2__ingestion_20260825_event_path_v1__event_149__path_2,F1023_v90_D0117_P7__G32__ch5__nav_sage_v2__ingestion_20260825_event_path_v1__event_149,F1023_v90_D0117_P7__G32__ch5__nav_sage_v2__ingestion_20260825_event_path_v1,F1023_v90_D0117_P7,G32,5,149,2,stage4_joint,multipath,1,1.2,1.2,0.12,,,-7637.63090362492,-2.97563018741585,-2.3688382608422,mean_relative_power_db,,,,confirmed_multipath,stage4-strict-confirmed-v1,scenes/F1023_v90_D0117_P7/sage_results/nav_sage_v2/G32/stage4_joint_paths.csv,e037160805c5c5c3b88abc720b43d26b340a06cc85f51d9b12c2ca06dc2ce18f,10,eligible_pending_modeling_qa,,sage-event-path-db-v1,2026-01-17T12:37:02.960Z,Mountain/Valley,open mountain winding road,open mountain winding road,22.000,243.000,44.000,valid,1,2026-01-17T12:37:02.990Z,0.03,sage-event-context-alignment-v1
F1023_v90_D0117_P7__G32__ch5__nav_sage_v2__ingestion_20260825_event_path_v1__event_1543__path_2,F1023_v90_D0117_P7__G32__ch5__nav_sage_v2__ingestion_20260825_event_path_v1__event_1543,F1023_v90_D0117_P7__G32__ch5__nav_sage_v2__ingestion_20260825_event_path_v1,F1023_v90_D0117_P7,G32,5,1543,2,stage4_joint,multipath,1,1.1,1.3,0.13,,,-7679.04236437212,-1.59998155961966,1.37990260508056,mean_relative_power_db,,,,confirmed_multipath,stage4-strict-confirmed-v1,scenes/F1023_v90_D0117_P7/sage_results/nav_sage_v2/G32/stage4_joint_paths.csv,e037160805c5c5c3b88abc720b43d26b340a06cc85f51d9b12c2ca06dc2ce18f,13,eligible_pending_modeling_qa,,sage-event-path-db-v1,2026-01-17T12:37:30.840Z,Mountain/Valley,open mountain winding road,open mountain winding road,22.000,243.000,42.000,valid,1,2026-01-17T12:37:30.990Z,0.15,sage-event-context-alignment-v1
F1023_V70_D0117_P2__G11__ch5__nav_sage_v2__ingestion_20260825_event_path_v1__event_640__path_2,F1023_V70_D0117_P2__G11__ch5__nav_sage_v2__ingestion_20260825_event_path_v1__event_640,F1023_V70_D0117_P2__G11__ch5__nav_sage_v2__ingestion_20260825_event_path_v1,F1023_V70_D0117_P2,G11,5,640,2,stage4_joint,multipath,1,1.1,1.1,0.11,,,-3861.46720870661,-10.0131071441147,-7.40707303905307,mean_relative_power_db,,,,confirmed_multipath,stage4-strict-confirmed-v1,scenes/F1023_V70_D0117_P2/sage_results/nav_sage_v2/G11/stage4_joint_paths.csv,bb170d7acd85137ccfddb7f8ca27030b3fa24ac42f99402eb88e523c1339d463,6,eligible_pending_modeling_qa,,sage-event-path-db-v1,2026-01-17T11:48:30.780Z,Mountain/Valley,valley terrain,valley road,31.000,95.000,46.000,valid,1,2026-01-17T11:48:31.000Z,0.22,sage-event-context-alignment-v1
F1023_V70_D0117_P2__G12__ch6__nav_sage_v2__ingestion_20260825_event_path_v1__event_970__path_2,F1023_V70_D0117_P2__G12__ch6__nav_sage_v2__ingestion_20260825_event_path_v1__event_970,F1023_V70_D0117_P2__G12__ch6__nav_sage_v2__ingestion_20260825_event_path_v1,F1023_V70_D0117_P2,G12,6,970,2,stage4_joint,multipath,1,1.2,1.1,0.11,,,-7029.77141098407,24.4273194846846,-15.9205381372127,mean_relative_power_db,,,,confirmed_multipath,stage4-strict-confirmed-v1,scenes/F1023_V70_D0117_P2/sage_results/nav_sage_v2/G12/stage4_joint_paths.csv,3316c643e49ebf7e24920addced7f2e1d997a5e81ebe07076f9d8c484bd28d35,4,eligible_pending_modeling_qa,,sage-event-path-db-v1,2026-01-17T11:48:37.380Z,Mountain/Valley,valley terrain,valley road,59.000,71.000,49.000,valid,1,2026-01-17T11:48:37.000Z,0.38,sage-event-context-alignment-v1
F1023_V70_D0117_P2__G12__ch6__nav_sage_v2__ingestion_20260825_event_path_v1__event_971__path_2,F1023_V70_D0117_P2__G12__ch6__nav_sage_v2__ingestion_20260825_event_path_v1__event_971,F1023_V70_D0117_P2__G12__ch6__nav_sage_v2__ingestion_20260825_event_path_v1,F1023_V70_D0117_P2,G12,6,971,2,stage4_joint,multipath,1,1.1,1.1,0.11,,,-7052.86729287836,-0.599714753362605,-5.11357332637876,mean_relative_power_db,,,,confirmed_multipath,stage4-strict-confirmed-v1,scenes/F1023_V70_D0117_P2/sage_results/nav_sage_v2/G12/stage4_joint_paths.csv,3316c643e49ebf7e24920addced7f2e1d997a5e81ebe07076f9d8c484bd28d35,6,eligible_pending_modeling_qa,,sage-event-path-db-v1,2026-01-17T11:48:37.400Z,Mountain/Valley,valley terrain,valley road,59.000,71.000,49.000,valid,1,2026-01-17T11:48:37.000Z,0.4,sage-event-context-alignment-v1
F1023_V70_D0117_P2__G29__ch7__nav_sage_v2__ingestion_20260825_event_path_v1__event_80__path_2,F1023_V70_D0117_P2__G29__ch7__nav_sage_v2__ingestion_20260825_event_path_v1__event_80,F1023_V70_D0117_P2__G29__ch7__nav_sage_v2__ingestion_20260825_event_path_v1,F1023_V70_D0117_P2,G29,7,80,2,stage4_joint,multipath,1,0.800000000000001,1.1,0.11,,,-2246.75684048284,-5.33569790471529,-3.15175805378153,mean_relative_power_db,,,,confirmed_multipath,stage4-strict-confirmed-v1,scenes/F1023_V70_D0117_P2/sage_results/nav_sage_v2/G29/stage4_joint_paths.csv,6ff31aca5407424de8f08b6277abc113f3e82020f6ccc27ae6580759ac6b8c2d,3,eligible_pending_modeling_qa,,sage-event-path-db-v1,2026-01-17T11:48:19.580Z,Mountain/Valley,valley terrain,valley road,41.000,204.000,46.000,valid,1,2026-01-17T11:48:21.000Z,1.42,sage-event-context-alignment-v1
F1023_V70_D0117_P2__G32__ch11__nav_sage_v2__ingestion_20260825_event_path_v1__event_82__path_2,F1023_V70_D0117_P2__G32__ch11__nav_sage_v2__ingestion_20260825_event_path_v1__event_82,F1023_V70_D0117_P2__G32__ch11__nav_sage_v2__ingestion_20260825_event_path_v1,F1023_V70_D0117_P2,G32,11,82,2,stage4_joint,multipath,1,1.6,1.1,0.11,,,-6226.12671352971,19.6643020952852,-11.3788478128685,mean_relative_power_db,,,,confirmed_multipath,stage4-strict-confirmed-v1,scenes/F1023_V70_D0117_P2/sage_results/nav_sage_v2/G32/stage4_joint_paths.csv,c777d5fe463c726f9b91dd2fc9765dc6c9ffc6cadf817805b9397172b98b184b,4,eligible_pending_modeling_qa,,sage-event-path-db-v1,2026-01-17T11:48:19.620Z,Mountain/Valley,valley terrain,valley road,36.000,265.000,48.000,valid,1,2026-01-17T11:48:21.000Z,1.38,sage-event-context-alignment-v1
F1023_V70_D0117_P2__G32__ch11__nav_sage_v2__ingestion_20260825_event_path_v1__event_82__path_3,F1023_V70_D0117_P2__G32__ch11__nav_sage_v2__ingestion_20260825_event_path_v1__event_82,F1023_V70_D0117_P2__G32__ch11__nav_sage_v2__ingestion_20260825_event_path_v1,F1023_V70_D0117_P2,G32,11,82,3,stage4_joint,multipath,1,3,2.5,0.25,,,-6311.12671352971,-65.3356979047148,-19.5141130728681,mean_relative_power_db,,,,confirmed_multipath,stage4-strict-confirmed-v1,scenes/F1023_V70_D0117_P2/sage_results/nav_sage_v2/G32/stage4_joint_paths.csv,c777d5fe463c726f9b91dd2fc9765dc6c9ffc6cadf817805b9397172b98b184b,5,eligible_pending_modeling_qa,,sage-event-path-db-v1,2026-01-17T11:48:19.620Z,Mountain/Valley,valley terrain,valley road,36.000,265.000,48.000,valid,1,2026-01-17T11:48:21.000Z,1.38,sage-event-context-alignment-v1
F1023_V70_D0117_P2__G32__ch11__nav_sage_v2__ingestion_20260825_event_path_v1__event_84__path_2,F1023_V70_D0117_P2__G32__ch11__nav_sage_v2__ingestion_20260825_event_path_v1__event_84,F1023_V70_D0117_P2__G32__ch11__nav_sage_v2__ingestion_20260825_event_path_v1,F1023_V70_D0117_P2,G32,11,84,2,stage4_joint,multipath,1,1.6,1.1,0.11,,,-6231.15259243596,14.6643020952852,-8.83634983938613,mean_relative_power_db,,,,confirmed_multipath,stage4-strict-confirmed-v1,scenes/F1023_V70_D0117_P2/sage_results/nav_sage_v2/G32/stage4_joint_paths.csv,c777d5fe463c726f9b91dd2fc9765dc6c9ffc6cadf817805b9397172b98b184b,7,eligible_pending_modeling_qa,,sage-event-path-db-v1,2026-01-17T11:48:19.660Z,Mountain/Valley,valley terrain,valley road,36.000,265.000,48.000,valid,1,2026-01-17T11:48:21.000Z,1.34,sage-event-context-alignment-v1
