geometry_observation_id,scene_id,run_id,prn,geometry_scope,start_utc,end_utc,min_elevation_deg,max_elevation_deg,mean_elevation_deg,median_elevation_deg,elevation_std_deg,circular_mean_azimuth_deg,mean_snr_db_hz,observation_count,primary_elevation_group,geometry_join_status,geometry_join_valid,source_file,source_file_sha256,source_row_number,missing_reason,schema_version
F1023_V120_D0121_P2__G25__ch5__nav_sage_v2__ingestion_20260825_event_path_v1__geometry_summary,F1023_V120_D0121_P2,F1023_V120_D0121_P2__G25__ch5__nav_sage_v2__ingestion_20260825_event_path_v1,G25,run_summary,2026-01-21T11:17:31.990Z,2026-01-21T11:27:03.990Z,68.000,72.000,69.878,70.000,1.291,277.803,49.537,518,High,deferred_unavailable,0,scenes/F1023_V120_D0121_P2/satellite/F1023_V120_D0121_P2_satellite_elevation_summary.csv,0c4dbc04f37df233c475f9312090dbc436e37d4523aa5c6a764d1b538004ddcb,6,summary_is_run_level_only; event_time_alignment_not_verified,sage-event-path-db-v1
F1023_V120_D0121_P2__G28__ch6__nav_sage_v2__ingestion_20260825_event_path_v1__geometry_summary,F1023_V120_D0121_P2,F1023_V120_D0121_P2__G28__ch6__nav_sage_v2__ingestion_20260825_event_path_v1,G28,run_summary,2026-01-21T11:17:31.990Z,2026-01-21T11:27:03.990Z,25.000,29.000,26.921,27.000,1.200,306.000,44.847,518,Low,deferred_unavailable,0,scenes/F1023_V120_D0121_P2/satellite/F1023_V120_D0121_P2_satellite_elevation_summary.csv,0c4dbc04f37df233c475f9312090dbc436e37d4523aa5c6a764d1b538004ddcb,7,summary_is_run_level_only; event_time_alignment_not_verified,sage-event-path-db-v1
F1023_V120_D0121_P2__G32__ch7__nav_sage_v2__ingestion_20260825_event_path_v1__geometry_summary,F1023_V120_D0121_P2,F1023_V120_D0121_P2__G32__ch7__nav_sage_v2__ingestion_20260825_event_path_v1,G32,run_summary,2026-01-21T11:17:31.990Z,2026-01-21T11:27:03.990Z,36.000,38.000,37.135,37.000,0.667,267.100,47.958,518,Mid,deferred_unavailable,0,scenes/F1023_V120_D0121_P2/satellite/F1023_V120_D0121_P2_satellite_elevation_summary.csv,0c4dbc04f37df233c475f9312090dbc436e37d4523aa5c6a764d1b538004ddcb,9,summary_is_run_level_only; event_time_alignment_not_verified,sage-event-path-db-v1
F1023_v50_D0127_P1__G11__ch10__nav_sage_v2__ingestion_20260825_event_path_v1__geometry_summary,F1023_v50_D0127_P1,F1023_v50_D0127_P1__G11__ch10__nav_sage_v2__ingestion_20260825_event_path_v1,G11,run_summary,2026-01-27T12:43:25.990Z,2026-01-27T12:43:43.990Z,22.000,22.000,22.000,22.000,0.000,45.000,42.778,18,Low,deferred_unavailable,0,scenes/F1023_v50_D0127_P1/satellite/F1023_v50_D0127_P1_satellite_elevation_summary.csv,4653279fa365e4f10e9772fc283a684d6aba80ca681a301b5c595063593a3a68,2,summary_is_run_level_only; event_time_alignment_not_verified,sage-event-path-db-v1
F1023_v50_D0127_P1__G28__ch4__nav_sage_v2__ingestion_20260825_event_path_v1__geometry_summary,F1023_v50_D0127_P1,F1023_v50_D0127_P1__G28__ch4__nav_sage_v2__ingestion_20260825_event_path_v1,G28,run_summary,2026-01-27T12:43:25.990Z,2026-01-27T12:43:47.990Z,64.000,64.000,64.000,64.000,0.000,270.150,43.650,20,High,deferred_unavailable,0,scenes/F1023_v50_D0127_P1/satellite/F1023_v50_D0127_P1_satellite_elevation_summary.csv,4653279fa365e4f10e9772fc283a684d6aba80ca681a301b5c595063593a3a68,4,summary_is_run_level_only; event_time_alignment_not_verified,sage-event-path-db-v1
F1023_v50_D0127_P1__G29__ch9__nav_sage_v2__ingestion_20260825_event_path_v1__geometry_summary,F1023_v50_D0127_P1,F1023_v50_D0127_P1__G29__ch9__nav_sage_v2__ingestion_20260825_event_path_v1,G29,run_summary,2026-01-27T12:43:25.990Z,2026-01-27T12:43:47.990Z,86.000,86.000,86.000,86.000,0.000,73.750,48.650,20,High,deferred_unavailable,0,scenes/F1023_v50_D0127_P1/satellite/F1023_v50_D0127_P1_satellite_elevation_summary.csv,4653279fa365e4f10e9772fc283a684d6aba80ca681a301b5c595063593a3a68,5,summary_is_run_level_only; event_time_alignment_not_verified,sage-event-path-db-v1
F1023_v50_D0127_P1__G31__ch5__nav_sage_v2__ingestion_20260825_event_path_v1__geometry_summary,F1023_v50_D0127_P1,F1023_v50_D0127_P1__G31__ch5__nav_sage_v2__ingestion_20260825_event_path_v1,G31,run_summary,2026-01-27T12:43:25.990Z,2026-01-27T12:43:47.990Z,38.000,39.000,38.550,39.000,0.497,306.000,45.000,20,Mid,deferred_unavailable,0,scenes/F1023_v50_D0127_P1/satellite/F1023_v50_D0127_P1_satellite_elevation_summary.csv,4653279fa365e4f10e9772fc283a684d6aba80ca681a301b5c595063593a3a68,6,summary_is_run_level_only; event_time_alignment_not_verified,sage-event-path-db-v1
F1023_V70_D0117_P4__G25__ch7__nav_sage_v2__ingestion_20260825_event_path_v1__geometry_summary,F1023_V70_D0117_P4,F1023_V70_D0117_P4__G25__ch7__nav_sage_v2__ingestion_20260825_event_path_v1,G25,run_summary,2026-01-17T12:18:31.980Z,2026-01-17T12:18:46.980Z,83.000,83.000,83.000,83.000,0.000,356.750,48.938,16,High,deferred_unavailable,0,scenes/F1023_V70_D0117_P4/satellite/F1023_V70_D0117_P4_satellite_elevation_summary.csv,45f50292bfd7738a0f4cf8f7d4243c8ab65155fe97d1081a7c26c24300cdf1af,4,summary_is_run_level_only; event_time_alignment_not_verified,sage-event-path-db-v1
F1023_V70_D0117_P4__G28__ch6__nav_sage_v2__ingestion_20260825_event_path_v1__geometry_summary,F1023_V70_D0117_P4,F1023_V70_D0117_P4__G28__ch6__nav_sage_v2__ingestion_20260825_event_path_v1,G28,run_summary,2026-01-17T12:18:31.980Z,2026-01-17T12:18:46.980Z,42.000,42.000,42.000,42.000,0.000,304.000,46.188,16,Mid,deferred_unavailable,0,scenes/F1023_V70_D0117_P4/satellite/F1023_V70_D0117_P4_satellite_elevation_summary.csv,45f50292bfd7738a0f4cf8f7d4243c8ab65155fe97d1081a7c26c24300cdf1af,5,summary_is_run_level_only; event_time_alignment_not_verified,sage-event-path-db-v1
F1023_V70_D0117_P4__G29__ch9__nav_sage_v2__ingestion_20260825_event_path_v1__geometry_summary,F1023_V70_D0117_P4,F1023_V70_D0117_P4__G29__ch9__nav_sage_v2__ingestion_20260825_event_path_v1,G29,run_summary,2026-01-17T12:18:31.980Z,2026-01-17T12:18:46.980Z,56.000,56.000,56.000,56.000,0.000,207.000,46.000,16,Mid,deferred_unavailable,0,scenes/F1023_V70_D0117_P4/satellite/F1023_V70_D0117_P4_satellite_elevation_summary.csv,45f50292bfd7738a0f4cf8f7d4243c8ab65155fe97d1081a7c26c24300cdf1af,6,summary_is_run_level_only; event_time_alignment_not_verified,sage-event-path-db-v1
F1023_V70_D0117_P4__G31__ch1__nav_sage_v2__ingestion_20260825_event_path_v1__geometry_summary,F1023_V70_D0117_P4,F1023_V70_D0117_P4__G31__ch1__nav_sage_v2__ingestion_20260825_event_path_v1,G31,run_summary,,,,,,,,,,,,deferred_unavailable,0,scenes/F1023_V70_D0117_P4/satellite/F1023_V70_D0117_P4_satellite_elevation_summary.csv,45f50292bfd7738a0f4cf8f7d4243c8ab65155fe97d1081a7c26c24300cdf1af,,summary_is_run_level_only; event_time_alignment_not_verified,sage-event-path-db-v1
F1023_V70_D0117_P4__G32__ch3__nav_sage_v2__ingestion_20260825_event_path_v1__geometry_summary,F1023_V70_D0117_P4,F1023_V70_D0117_P4__G32__ch3__nav_sage_v2__ingestion_20260825_event_path_v1,G32,run_summary,2026-01-17T12:18:31.980Z,2026-01-17T12:18:46.980Z,28.000,28.000,28.000,28.000,0.000,250.000,44.750,16,Low,deferred_unavailable,0,scenes/F1023_V70_D0117_P4/satellite/F1023_V70_D0117_P4_satellite_elevation_summary.csv,45f50292bfd7738a0f4cf8f7d4243c8ab65155fe97d1081a7c26c24300cdf1af,7,summary_is_run_level_only; event_time_alignment_not_verified,sage-event-path-db-v1
F1023_V70_D0120_P1__G26__ch3__nav_sage_v2__ingestion_20260825_event_path_v1__geometry_summary,F1023_V70_D0120_P1,F1023_V70_D0120_P1__G26__ch3__nav_sage_v2__ingestion_20260825_event_path_v1,G26,run_summary,2026-01-20T15:21:20.000Z,2026-01-20T15:22:09.000Z,74.000,74.000,74.000,74.000,0.000,249.660,49.200,50,High,deferred_unavailable,0,scenes/F1023_V70_D0120_P1/satellite/F1023_V70_D0120_P1_satellite_elevation_summary.csv,0ee87da27eba7346c3753c5d54cfdf8d8f43300d096aa2d9e2111256042f702a,3,summary_is_run_level_only; event_time_alignment_not_verified,sage-event-path-db-v1
F1023_V70_D0120_P1__G27__ch8__nav_sage_v2__ingestion_20260825_event_path_v1__geometry_summary,F1023_V70_D0120_P1,F1023_V70_D0120_P1__G27__ch8__nav_sage_v2__ingestion_20260825_event_path_v1,G27,run_summary,2026-01-20T15:21:20.000Z,2026-01-20T15:22:09.000Z,17.000,17.000,17.000,17.000,0.000,268.000,39.640,50,Low,deferred_unavailable,0,scenes/F1023_V70_D0120_P1/satellite/F1023_V70_D0120_P1_satellite_elevation_summary.csv,0ee87da27eba7346c3753c5d54cfdf8d8f43300d096aa2d9e2111256042f702a,4,summary_is_run_level_only; event_time_alignment_not_verified,sage-event-path-db-v1
F1023_V70_D0120_P1__G29__ch5__nav_sage_v2__ingestion_20260825_event_path_v1__geometry_summary,F1023_V70_D0120_P1,F1023_V70_D0120_P1__G29__ch5__nav_sage_v2__ingestion_20260825_event_path_v1,G29,run_summary,2026-01-20T15:21:20.000Z,2026-01-20T15:22:09.000Z,33.000,34.000,33.680,34.000,0.466,76.000,43.400,50,Mid,deferred_unavailable,0,scenes/F1023_V70_D0120_P1/satellite/F1023_V70_D0120_P1_satellite_elevation_summary.csv,0ee87da27eba7346c3753c5d54cfdf8d8f43300d096aa2d9e2111256042f702a,5,summary_is_run_level_only; event_time_alignment_not_verified,sage-event-path-db-v1
F1023_V70_D0120_P1__G31__ch9__nav_sage_v2__ingestion_20260825_event_path_v1__geometry_summary,F1023_V70_D0120_P1,F1023_V70_D0120_P1__G31__ch9__nav_sage_v2__ingestion_20260825_event_path_v1,G31,run_summary,2026-01-20T15:21:49.000Z,2026-01-20T15:22:09.000Z,34.000,34.000,34.000,34.000,0.000,228.000,44.619,21,Mid,deferred_unavailable,0,scenes/F1023_V70_D0120_P1/satellite/F1023_V70_D0120_P1_satellite_elevation_summary.csv,0ee87da27eba7346c3753c5d54cfdf8d8f43300d096aa2d9e2111256042f702a,6,summary_is_run_level_only; event_time_alignment_not_verified,sage-event-path-db-v1
F1023_V70_D0120_P5__G18__ch2__nav_sage_v2__ingestion_20260825_event_path_v1__geometry_summary,F1023_V70_D0120_P5,F1023_V70_D0120_P5__G18__ch2__nav_sage_v2__ingestion_20260825_event_path_v1,G18,run_summary,2026-01-20T15:27:30.990Z,2026-01-20T15:27:39.990Z,73.000,73.000,73.000,73.000,0.000,136.000,48.143,7,High,deferred_unavailable,0,scenes/F1023_V70_D0120_P5/satellite/F1023_V70_D0120_P5_satellite_elevation_summary.csv,6eb6fa5bbf5870df4a601ef633919d11c541a73d503b80bcd7a2e20f635f0a10,3,summary_is_run_level_only; event_time_alignment_not_verified,sage-event-path-db-v1
F1023_V70_D0120_P5__G23__ch0__nav_sage_v2__ingestion_20260825_event_path_v1__geometry_summary,F1023_V70_D0120_P5,F1023_V70_D0120_P5__G23__ch0__nav_sage_v2__ingestion_20260825_event_path_v1,G23,run_summary,2026-01-20T15:27:30.990Z,2026-01-20T15:27:39.990Z,16.000,16.000,16.000,16.000,0.000,143.000,33.714,7,Low,deferred_unavailable,0,scenes/F1023_V70_D0120_P5/satellite/F1023_V70_D0120_P5_satellite_elevation_summary.csv,6eb6fa5bbf5870df4a601ef633919d11c541a73d503b80bcd7a2e20f635f0a10,4,summary_is_run_level_only; event_time_alignment_not_verified,sage-event-path-db-v1
F1023_V70_D0120_P5__G26__ch7__nav_sage_v2__ingestion_20260825_event_path_v1__geometry_summary,F1023_V70_D0120_P5,F1023_V70_D0120_P5__G26__ch7__nav_sage_v2__ingestion_20260825_event_path_v1,G26,run_summary,2026-01-20T15:27:30.990Z,2026-01-20T15:27:39.990Z,74.000,74.000,74.000,74.000,0.000,240.000,49.714,7,High,deferred_unavailable,0,scenes/F1023_V70_D0120_P5/satellite/F1023_V70_D0120_P5_satellite_elevation_summary.csv,6eb6fa5bbf5870df4a601ef633919d11c541a73d503b80bcd7a2e20f635f0a10,5,summary_is_run_level_only; event_time_alignment_not_verified,sage-event-path-db-v1
F1023_V70_D0120_P5__G27__ch10__nav_sage_v2__ingestion_20260825_event_path_v1__geometry_summary,F1023_V70_D0120_P5,F1023_V70_D0120_P5__G27__ch10__nav_sage_v2__ingestion_20260825_event_path_v1,G27,run_summary,2026-01-20T15:27:30.990Z,2026-01-20T15:27:36.990Z,19.000,19.000,19.000,19.000,0.000,269.000,34.750,4,Low,deferred_unavailable,0,scenes/F1023_V70_D0120_P5/satellite/F1023_V70_D0120_P5_satellite_elevation_summary.csv,6eb6fa5bbf5870df4a601ef633919d11c541a73d503b80bcd7a2e20f635f0a10,6,summary_is_run_level_only; event_time_alignment_not_verified,sage-event-path-db-v1
F1023_V70_D0120_P7__G18__ch4__nav_sage_v2__ingestion_20260825_event_path_v1__geometry_summary,F1023_V70_D0120_P7,F1023_V70_D0120_P7__G18__ch4__nav_sage_v2__ingestion_20260825_event_path_v1,G18,run_summary,2026-01-20T15:31:55.990Z,2026-01-20T15:32:37.990Z,74.000,74.000,74.000,74.000,0.000,128.698,48.442,43,High,deferred_unavailable,0,scenes/F1023_V70_D0120_P7/satellite/F1023_V70_D0120_P7_satellite_elevation_summary.csv,7bb7a2c0ec84e7c6a89167332794c94ff9d68636a80d131969fdf4a1beea7d7f,3,summary_is_run_level_only; event_time_alignment_not_verified,sage-event-path-db-v1
F1023_V70_D0120_P7__G26__ch6__nav_sage_v2__ingestion_20260825_event_path_v1__geometry_summary,F1023_V70_D0120_P7,F1023_V70_D0120_P7__G26__ch6__nav_sage_v2__ingestion_20260825_event_path_v1,G26,run_summary,2026-01-20T15:31:55.990Z,2026-01-20T15:32:37.990Z,74.000,74.000,74.000,74.000,0.000,231.628,50.023,43,High,deferred_unavailable,0,scenes/F1023_V70_D0120_P7/satellite/F1023_V70_D0120_P7_satellite_elevation_summary.csv,7bb7a2c0ec84e7c6a89167332794c94ff9d68636a80d131969fdf4a1beea7d7f,4,summary_is_run_level_only; event_time_alignment_not_verified,sage-event-path-db-v1
F1023_V70_D0120_P7__G31__ch8__nav_sage_v2__ingestion_20260825_event_path_v1__geometry_summary,F1023_V70_D0120_P7,F1023_V70_D0120_P7__G31__ch8__nav_sage_v2__ingestion_20260825_event_path_v1,G31,run_summary,2026-01-20T15:31:55.990Z,2026-01-20T15:32:37.990Z,30.000,30.000,30.000,30.000,0.000,224.837,45.884,43,Mid,deferred_unavailable,0,scenes/F1023_V70_D0120_P7/satellite/F1023_V70_D0120_P7_satellite_elevation_summary.csv,7bb7a2c0ec84e7c6a89167332794c94ff9d68636a80d131969fdf4a1beea7d7f,5,summary_is_run_level_only; event_time_alignment_not_verified,sage-event-path-db-v1
F1023_V70_D0120_P8__G16__ch4__nav_sage_v2__ingestion_20260825_event_path_v1__geometry_summary,F1023_V70_D0120_P8,F1023_V70_D0120_P8__G16__ch4__nav_sage_v2__ingestion_20260825_event_path_v1,G16,run_summary,2026-01-20T15:34:00.990Z,2026-01-20T15:34:13.990Z,50.000,50.000,50.000,50.000,0.000,299.000,41.929,14,Mid,deferred_unavailable,0,scenes/F1023_V70_D0120_P8/satellite/F1023_V70_D0120_P8_satellite_elevation_summary.csv,49d0a233a3adf726bfe14d443e67a86f3b43bef5a029df599324337e7963c599,2,summary_is_run_level_only; event_time_alignment_not_verified,sage-event-path-db-v1
F1023_V70_D0120_P8__G18__ch9__nav_sage_v2__ingestion_20260825_event_path_v1__geometry_summary,F1023_V70_D0120_P8,F1023_V70_D0120_P8__G18__ch9__nav_sage_v2__ingestion_20260825_event_path_v1,G18,run_summary,2026-01-20T15:34:00.990Z,2026-01-20T15:34:13.990Z,74.000,74.000,74.000,74.000,0.000,125.571,45.786,14,High,deferred_unavailable,0,scenes/F1023_V70_D0120_P8/satellite/F1023_V70_D0120_P8_satellite_elevation_summary.csv,49d0a233a3adf726bfe14d443e67a86f3b43bef5a029df599324337e7963c599,3,summary_is_run_level_only; event_time_alignment_not_verified,sage-event-path-db-v1
F1023_V70_D0120_P8__G23__ch11__nav_sage_v2__ingestion_20260825_event_path_v1__geometry_summary,F1023_V70_D0120_P8,F1023_V70_D0120_P8__G23__ch11__nav_sage_v2__ingestion_20260825_event_path_v1,G23,run_summary,2026-01-20T15:34:00.990Z,2026-01-20T15:34:13.990Z,19.000,19.000,19.000,19.000,0.000,142.000,40.857,14,Low,deferred_unavailable,0,scenes/F1023_V70_D0120_P8/satellite/F1023_V70_D0120_P8_satellite_elevation_summary.csv,49d0a233a3adf726bfe14d443e67a86f3b43bef5a029df599324337e7963c599,4,summary_is_run_level_only; event_time_alignment_not_verified,sage-event-path-db-v1
F1023_V70_D0120_P8__G26__ch3__nav_sage_v2__ingestion_20260825_event_path_v1__geometry_summary,F1023_V70_D0120_P8,F1023_V70_D0120_P8__G26__ch3__nav_sage_v2__ingestion_20260825_event_path_v1,G26,run_summary,2026-01-20T15:34:00.990Z,2026-01-20T15:34:13.990Z,73.000,74.000,73.214,73.000,0.410,228.786,47.571,14,High,deferred_unavailable,0,scenes/F1023_V70_D0120_P8/satellite/F1023_V70_D0120_P8_satellite_elevation_summary.csv,49d0a233a3adf726bfe14d443e67a86f3b43bef5a029df599324337e7963c599,5,summary_is_run_level_only; event_time_alignment_not_verified,sage-event-path-db-v1
F1023_V70_D0120_P9__G16__ch9__nav_sage_v2__ingestion_20260825_event_path_v1__geometry_summary,F1023_V70_D0120_P9,F1023_V70_D0120_P9__G16__ch9__nav_sage_v2__ingestion_20260825_event_path_v1,G16,run_summary,2026-01-20T15:35:32.000Z,2026-01-20T15:36:21.000Z,50.000,51.000,50.510,51.000,0.500,299.000,46.796,49,Mid,deferred_unavailable,0,scenes/F1023_V70_D0120_P9/satellite/F1023_V70_D0120_P9_satellite_elevation_summary.csv,8938ee0130112c61cbb4eb21b8a391d7bf98032364174d4d093094291f85ba28,3,summary_is_run_level_only; event_time_alignment_not_verified,sage-event-path-db-v1
F1023_V70_D0120_P9__G18__ch1__nav_sage_v2__ingestion_20260825_event_path_v1__geometry_summary,F1023_V70_D0120_P9,F1023_V70_D0120_P9__G18__ch1__nav_sage_v2__ingestion_20260825_event_path_v1,G18,run_summary,2026-01-20T15:35:32.000Z,2026-01-20T15:36:21.000Z,75.000,75.000,75.000,75.000,0.000,122.367,49.041,49,High,deferred_unavailable,0,scenes/F1023_V70_D0120_P9/satellite/F1023_V70_D0120_P9_satellite_elevation_summary.csv,8938ee0130112c61cbb4eb21b8a391d7bf98032364174d4d093094291f85ba28,4,summary_is_run_level_only; event_time_alignment_not_verified,sage-event-path-db-v1
F1023_V70_D0120_P9__G26__ch6__nav_sage_v2__ingestion_20260825_event_path_v1__geometry_summary,F1023_V70_D0120_P9,F1023_V70_D0120_P9__G26__ch6__nav_sage_v2__ingestion_20260825_event_path_v1,G26,run_summary,2026-01-20T15:35:32.000Z,2026-01-20T15:36:21.000Z,73.000,73.000,73.000,73.000,0.000,225.633,50.000,49,High,deferred_unavailable,0,scenes/F1023_V70_D0120_P9/satellite/F1023_V70_D0120_P9_satellite_elevation_summary.csv,8938ee0130112c61cbb4eb21b8a391d7bf98032364174d4d093094291f85ba28,6,summary_is_run_level_only; event_time_alignment_not_verified,sage-event-path-db-v1
F1023_V70_D0120_P9__G27__ch5__nav_sage_v2__ingestion_20260825_event_path_v1__geometry_summary,F1023_V70_D0120_P9,F1023_V70_D0120_P9__G27__ch5__nav_sage_v2__ingestion_20260825_event_path_v1,G27,run_summary,2026-01-20T15:36:01.000Z,2026-01-20T15:36:18.000Z,22.000,22.000,22.000,22.000,0.000,271.000,40.944,18,Low,deferred_unavailable,0,scenes/F1023_V70_D0120_P9/satellite/F1023_V70_D0120_P9_satellite_elevation_summary.csv,8938ee0130112c61cbb4eb21b8a391d7bf98032364174d4d093094291f85ba28,7,summary_is_run_level_only; event_time_alignment_not_verified,sage-event-path-db-v1
F1023_V70_D0120_P9__G28__ch11__nav_sage_v2__ingestion_20260825_event_path_v1__geometry_summary,F1023_V70_D0120_P9,F1023_V70_D0120_P9__G28__ch11__nav_sage_v2__ingestion_20260825_event_path_v1,G28,run_summary,,,,,,,,,,,,deferred_unavailable,0,scenes/F1023_V70_D0120_P9/satellite/F1023_V70_D0120_P9_satellite_elevation_summary.csv,8938ee0130112c61cbb4eb21b8a391d7bf98032364174d4d093094291f85ba28,,summary_is_run_level_only; event_time_alignment_not_verified,sage-event-path-db-v1
F1023_V70_D0120_P9__G29__ch4__nav_sage_v2__ingestion_20260825_event_path_v1__geometry_summary,F1023_V70_D0120_P9,F1023_V70_D0120_P9__G29__ch4__nav_sage_v2__ingestion_20260825_event_path_v1,G29,run_summary,2026-01-20T15:35:32.000Z,2026-01-20T15:36:21.000Z,28.000,28.000,28.000,28.000,0.000,80.000,44.163,49,Low,deferred_unavailable,0,scenes/F1023_V70_D0120_P9/satellite/F1023_V70_D0120_P9_satellite_elevation_summary.csv,8938ee0130112c61cbb4eb21b8a391d7bf98032364174d4d093094291f85ba28,8,summary_is_run_level_only; event_time_alignment_not_verified,sage-event-path-db-v1
F1023_V70_D0120_P9__G31__ch7__nav_sage_v2__ingestion_20260825_event_path_v1__geometry_summary,F1023_V70_D0120_P9,F1023_V70_D0120_P9__G31__ch7__nav_sage_v2__ingestion_20260825_event_path_v1,G31,run_summary,2026-01-20T15:35:49.000Z,2026-01-20T15:36:21.000Z,29.000,29.000,29.000,29.000,0.000,223.187,45.469,32,Low,deferred_unavailable,0,scenes/F1023_V70_D0120_P9/satellite/F1023_V70_D0120_P9_satellite_elevation_summary.csv,8938ee0130112c61cbb4eb21b8a391d7bf98032364174d4d093094291f85ba28,9,summary_is_run_level_only; event_time_alignment_not_verified,sage-event-path-db-v1
F1023_V70_D0122_P1__G13__ch5__nav_sage_v2__ingestion_20260825_event_path_v1__geometry_summary,F1023_V70_D0122_P1,F1023_V70_D0122_P1__G13__ch5__nav_sage_v2__ingestion_20260825_event_path_v1,G13,run_summary,2026-01-22T08:22:31.990Z,2026-01-22T08:23:01.990Z,30.000,31.000,30.875,31.000,0.331,152.000,45.417,24,Mid,deferred_unavailable,0,scenes/F1023_V70_D0122_P1/satellite/F1023_V70_D0122_P1_satellite_elevation_summary.csv,58bf95d594283951fea1aa3e0e86b31bfbbf18eb092826dc9968bb36d3ed3507,3,summary_is_run_level_only; event_time_alignment_not_verified,sage-event-path-db-v1
F1023_V70_D0122_P1__G14__ch9__nav_sage_v2__ingestion_20260825_event_path_v1__geometry_summary,F1023_V70_D0122_P1,F1023_V70_D0122_P1__G14__ch9__nav_sage_v2__ingestion_20260825_event_path_v1,G14,run_summary,2026-01-22T08:22:31.990Z,2026-01-22T08:22:49.990Z,22.000,22.000,22.000,22.000,0.000,58.000,41.737,19,Low,deferred_unavailable,0,scenes/F1023_V70_D0122_P1/satellite/F1023_V70_D0122_P1_satellite_elevation_summary.csv,58bf95d594283951fea1aa3e0e86b31bfbbf18eb092826dc9968bb36d3ed3507,4,summary_is_run_level_only; event_time_alignment_not_verified,sage-event-path-db-v1
F1023_V70_D0122_P1__G15__ch8__nav_sage_v2__ingestion_20260825_event_path_v1__geometry_summary,F1023_V70_D0122_P1,F1023_V70_D0122_P1__G15__ch8__nav_sage_v2__ingestion_20260825_event_path_v1,G15,run_summary,2026-01-22T08:22:31.990Z,2026-01-22T08:23:01.990Z,46.000,46.000,46.000,46.000,0.000,190.000,48.077,26,Mid,deferred_unavailable,0,scenes/F1023_V70_D0122_P1/satellite/F1023_V70_D0122_P1_satellite_elevation_summary.csv,58bf95d594283951fea1aa3e0e86b31bfbbf18eb092826dc9968bb36d3ed3507,5,summary_is_run_level_only; event_time_alignment_not_verified,sage-event-path-db-v1
F1023_V70_D0122_P1__G17__ch2__nav_sage_v2__ingestion_20260825_event_path_v1__geometry_summary,F1023_V70_D0122_P1,F1023_V70_D0122_P1__G17__ch2__nav_sage_v2__ingestion_20260825_event_path_v1,G17,run_summary,2026-01-22T08:22:31.990Z,2026-01-22T08:23:01.990Z,38.000,38.000,38.000,38.000,0.000,78.000,47.000,26,Mid,deferred_unavailable,0,scenes/F1023_V70_D0122_P1/satellite/F1023_V70_D0122_P1_satellite_elevation_summary.csv,58bf95d594283951fea1aa3e0e86b31bfbbf18eb092826dc9968bb36d3ed3507,6,summary_is_run_level_only; event_time_alignment_not_verified,sage-event-path-db-v1
F1023_V70_D0122_P1__G19__ch11__nav_sage_v2__ingestion_20260825_event_path_v1__geometry_summary,F1023_V70_D0122_P1,F1023_V70_D0122_P1__G19__ch11__nav_sage_v2__ingestion_20260825_event_path_v1,G19,run_summary,2026-01-22T08:22:31.990Z,2026-01-22T08:23:01.990Z,36.000,36.000,36.000,36.000,0.000,112.000,45.769,26,Mid,deferred_unavailable,0,scenes/F1023_V70_D0122_P1/satellite/F1023_V70_D0122_P1_satellite_elevation_summary.csv,58bf95d594283951fea1aa3e0e86b31bfbbf18eb092826dc9968bb36d3ed3507,7,summary_is_run_level_only; event_time_alignment_not_verified,sage-event-path-db-v1
F1023_V70_D0122_P1__G22__ch4__nav_sage_v2__ingestion_20260825_event_path_v1__geometry_summary,F1023_V70_D0122_P1,F1023_V70_D0122_P1__G22__ch4__nav_sage_v2__ingestion_20260825_event_path_v1,G22,run_summary,2026-01-22T08:22:31.990Z,2026-01-22T08:23:01.990Z,38.000,38.000,38.000,38.000,0.000,60.000,46.577,26,Mid,deferred_unavailable,0,scenes/F1023_V70_D0122_P1/satellite/F1023_V70_D0122_P1_satellite_elevation_summary.csv,58bf95d594283951fea1aa3e0e86b31bfbbf18eb092826dc9968bb36d3ed3507,8,summary_is_run_level_only; event_time_alignment_not_verified,sage-event-path-db-v1
F1023_V70_D0122_P1__G24__ch7__nav_sage_v2__ingestion_20260825_event_path_v1__geometry_summary,F1023_V70_D0122_P1,F1023_V70_D0122_P1__G24__ch7__nav_sage_v2__ingestion_20260825_event_path_v1,G24,run_summary,2026-01-22T08:22:31.990Z,2026-01-22T08:23:01.990Z,69.000,69.000,69.000,69.000,0.000,280.000,49.538,26,High,deferred_unavailable,0,scenes/F1023_V70_D0122_P1/satellite/F1023_V70_D0122_P1_satellite_elevation_summary.csv,58bf95d594283951fea1aa3e0e86b31bfbbf18eb092826dc9968bb36d3ed3507,10,summary_is_run_level_only; event_time_alignment_not_verified,sage-event-path-db-v1
F1023_V70_D0122_P2__G10__ch6__nav_sage_v2__ingestion_20260825_event_path_v1__geometry_summary,F1023_V70_D0122_P2,F1023_V70_D0122_P2__G10__ch6__nav_sage_v2__ingestion_20260825_event_path_v1,G10,run_summary,,,,,,,,,,,,deferred_unavailable,0,scenes/F1023_V70_D0122_P2/satellite/F1023_V70_D0122_P2_satellite_elevation_summary.csv,f6ff9e5c9acd64aadea26c134e5dc8f3ce92672af6cd065cd50efb429d836098,,summary_is_run_level_only; event_time_alignment_not_verified,sage-event-path-db-v1
F1023_V70_D0122_P2__G12__ch2__nav_sage_v2__ingestion_20260825_event_path_v1__geometry_summary,F1023_V70_D0122_P2,F1023_V70_D0122_P2__G12__ch2__nav_sage_v2__ingestion_20260825_event_path_v1,G12,run_summary,,,,,,,,,,,,deferred_unavailable,0,scenes/F1023_V70_D0122_P2/satellite/F1023_V70_D0122_P2_satellite_elevation_summary.csv,f6ff9e5c9acd64aadea26c134e5dc8f3ce92672af6cd065cd50efb429d836098,,summary_is_run_level_only; event_time_alignment_not_verified,sage-event-path-db-v1
F1023_V70_D0122_P2__G13__ch5__nav_sage_v2__ingestion_20260825_event_path_v1__geometry_summary,F1023_V70_D0122_P2,F1023_V70_D0122_P2__G13__ch5__nav_sage_v2__ingestion_20260825_event_path_v1,G13,run_summary,,,,,,,,,,,,deferred_unavailable,0,scenes/F1023_V70_D0122_P2/satellite/F1023_V70_D0122_P2_satellite_elevation_summary.csv,f6ff9e5c9acd64aadea26c134e5dc8f3ce92672af6cd065cd50efb429d836098,,summary_is_run_level_only; event_time_alignment_not_verified,sage-event-path-db-v1
F1023_V70_D0122_P2__G19__ch11__nav_sage_v2__ingestion_20260825_event_path_v1__geometry_summary,F1023_V70_D0122_P2,F1023_V70_D0122_P2__G19__ch11__nav_sage_v2__ingestion_20260825_event_path_v1,G19,run_summary,2026-01-22T08:31:01.990Z,2026-01-22T08:32:36.990Z,39.000,39.000,39.000,39.000,0.000,107.426,45.130,54,Mid,deferred_unavailable,0,scenes/F1023_V70_D0122_P2/satellite/F1023_V70_D0122_P2_satellite_elevation_summary.csv,f6ff9e5c9acd64aadea26c134e5dc8f3ce92672af6cd065cd50efb429d836098,3,summary_is_run_level_only; event_time_alignment_not_verified,sage-event-path-db-v1
F1023_V70_D0122_P2__G23__ch10__nav_sage_v2__ingestion_20260825_event_path_v1__geometry_summary,F1023_V70_D0122_P2,F1023_V70_D0122_P2__G23__ch10__nav_sage_v2__ingestion_20260825_event_path_v1,G23,run_summary,2026-01-22T08:31:01.990Z,2026-01-22T08:32:36.990Z,23.000,23.000,23.000,23.000,0.000,264.000,41.981,54,Low,deferred_unavailable,0,scenes/F1023_V70_D0122_P2/satellite/F1023_V70_D0122_P2_satellite_elevation_summary.csv,f6ff9e5c9acd64aadea26c134e5dc8f3ce92672af6cd065cd50efb429d836098,4,summary_is_run_level_only; event_time_alignment_not_verified,sage-event-path-db-v1
F1023_V70_D0122_P2__G24__ch3__nav_sage_v2__ingestion_20260825_event_path_v1__geometry_summary,F1023_V70_D0122_P2,F1023_V70_D0122_P2__G24__ch3__nav_sage_v2__ingestion_20260825_event_path_v1,G24,run_summary,2026-01-22T08:31:01.990Z,2026-01-22T08:32:36.990Z,73.000,74.000,73.574,74.000,0.494,279.000,49.315,54,High,deferred_unavailable,0,scenes/F1023_V70_D0122_P2/satellite/F1023_V70_D0122_P2_satellite_elevation_summary.csv,f6ff9e5c9acd64aadea26c134e5dc8f3ce92672af6cd065cd50efb429d836098,5,summary_is_run_level_only; event_time_alignment_not_verified,sage-event-path-db-v1
F1023_V80_D0117_P8__G12__ch4__nav_sage_v2__ingestion_20260825_event_path_v1__geometry_summary,F1023_V80_D0117_P8,F1023_V80_D0117_P8__G12__ch4__nav_sage_v2__ingestion_20260825_event_path_v1,G12,run_summary,2026-01-17T12:40:49.990Z,2026-01-17T12:41:05.990Z,38.000,38.000,38.000,38.000,0.000,89.000,42.438,16,Mid,deferred_unavailable,0,scenes/F1023_V80_D0117_P8/satellite/F1023_V80_D0117_P8_satellite_elevation_summary.csv,e0584a2149e7855e25ea6330849cfd569617812d41836057a7e8985ef8a6ea51,2,summary_is_run_level_only; event_time_alignment_not_verified,sage-event-path-db-v1
F1023_V80_D0117_P8__G28__ch6__nav_sage_v2__ingestion_20260825_event_path_v1__geometry_summary,F1023_V80_D0117_P8,F1023_V80_D0117_P8__G28__ch6__nav_sage_v2__ingestion_20260825_event_path_v1,G28,run_summary,2026-01-17T12:40:49.990Z,2026-01-17T12:41:09.990Z,50.000,50.000,50.000,50.000,0.000,297.000,42.900,20,Mid,deferred_unavailable,0,scenes/F1023_V80_D0117_P8/satellite/F1023_V80_D0117_P8_satellite_elevation_summary.csv,e0584a2149e7855e25ea6330849cfd569617812d41836057a7e8985ef8a6ea51,4,summary_is_run_level_only; event_time_alignment_not_verified,sage-event-path-db-v1
F1023_V80_D0117_P8__G29__ch9__nav_sage_v2__ingestion_20260825_event_path_v1__geometry_summary,F1023_V80_D0117_P8,F1023_V80_D0117_P8__G29__ch9__nav_sage_v2__ingestion_20260825_event_path_v1,G29,run_summary,2026-01-17T12:40:49.990Z,2026-01-17T12:41:09.990Z,67.000,67.000,67.000,67.000,0.000,209.000,44.800,20,High,deferred_unavailable,0,scenes/F1023_V80_D0117_P8/satellite/F1023_V80_D0117_P8_satellite_elevation_summary.csv,e0584a2149e7855e25ea6330849cfd569617812d41836057a7e8985ef8a6ea51,5,summary_is_run_level_only; event_time_alignment_not_verified,sage-event-path-db-v1
F1023_V80_D0117_P8__G31__ch1__nav_sage_v2__ingestion_20260825_event_path_v1__geometry_summary,F1023_V80_D0117_P8,F1023_V80_D0117_P8__G31__ch1__nav_sage_v2__ingestion_20260825_event_path_v1,G31,run_summary,2026-01-17T12:40:49.990Z,2026-01-17T12:41:05.990Z,21.000,21.000,21.000,21.000,0.000,312.000,38.812,16,Low,deferred_unavailable,0,scenes/F1023_V80_D0117_P8/satellite/F1023_V80_D0117_P8_satellite_elevation_summary.csv,e0584a2149e7855e25ea6330849cfd569617812d41836057a7e8985ef8a6ea51,6,summary_is_run_level_only; event_time_alignment_not_verified,sage-event-path-db-v1
F1023_V80_D0117_P8__G32__ch11__nav_sage_v2__ingestion_20260825_event_path_v1__geometry_summary,F1023_V80_D0117_P8,F1023_V80_D0117_P8__G32__ch11__nav_sage_v2__ingestion_20260825_event_path_v1,G32,run_summary,2026-01-17T12:40:49.990Z,2026-01-17T12:41:09.990Z,21.000,21.000,21.000,21.000,0.000,242.000,38.800,20,Low,deferred_unavailable,0,scenes/F1023_V80_D0117_P8/satellite/F1023_V80_D0117_P8_satellite_elevation_summary.csv,e0584a2149e7855e25ea6330849cfd569617812d41836057a7e8985ef8a6ea51,7,summary_is_run_level_only; event_time_alignment_not_verified,sage-event-path-db-v1
F1023_v90_D0117_P7__G12__ch10__nav_sage_v2__ingestion_20260825_event_path_v1__geometry_summary,F1023_v90_D0117_P7,F1023_v90_D0117_P7__G12__ch10__nav_sage_v2__ingestion_20260825_event_path_v1,G12,run_summary,2026-01-17T12:37:01.990Z,2026-01-17T12:37:30.990Z,39.000,39.000,39.000,39.000,0.000,87.056,45.167,18,Mid,deferred_unavailable,0,scenes/F1023_v90_D0117_P7/satellite/F1023_v90_D0117_P7_satellite_elevation_summary.csv,55b39262d080f02505368229866fba5852ef68a5fa4563f092992f4c2ec490e7,3,summary_is_run_level_only; event_time_alignment_not_verified,sage-event-path-db-v1
F1023_v90_D0117_P7__G25__ch0__nav_sage_v2__ingestion_20260825_event_path_v1__geometry_summary,F1023_v90_D0117_P7,F1023_v90_D0117_P7__G25__ch0__nav_sage_v2__ingestion_20260825_event_path_v1,G25,run_summary,2026-01-17T12:37:01.990Z,2026-01-17T12:37:30.990Z,80.000,80.000,80.000,80.000,0.000,57.292,47.250,24,High,deferred_unavailable,0,scenes/F1023_v90_D0117_P7/satellite/F1023_v90_D0117_P7_satellite_elevation_summary.csv,55b39262d080f02505368229866fba5852ef68a5fa4563f092992f4c2ec490e7,4,summary_is_run_level_only; event_time_alignment_not_verified,sage-event-path-db-v1
F1023_v90_D0117_P7__G28__ch4__nav_sage_v2__ingestion_20260825_event_path_v1__geometry_summary,F1023_v90_D0117_P7,F1023_v90_D0117_P7__G28__ch4__nav_sage_v2__ingestion_20260825_event_path_v1,G28,run_summary,2026-01-17T12:37:30.990Z,2026-01-17T12:37:30.990Z,49.000,49.000,49.000,49.000,0.000,299.000,45.000,1,Mid,deferred_unavailable,0,scenes/F1023_v90_D0117_P7/satellite/F1023_v90_D0117_P7_satellite_elevation_summary.csv,55b39262d080f02505368229866fba5852ef68a5fa4563f092992f4c2ec490e7,5,summary_is_run_level_only; event_time_alignment_not_verified,sage-event-path-db-v1
F1023_v90_D0117_P7__G29__ch11__nav_sage_v2__ingestion_20260825_event_path_v1__geometry_summary,F1023_v90_D0117_P7,F1023_v90_D0117_P7__G29__ch11__nav_sage_v2__ingestion_20260825_event_path_v1,G29,run_summary,2026-01-17T12:37:01.990Z,2026-01-17T12:37:30.990Z,65.000,65.000,65.000,65.000,0.000,209.000,44.708,24,High,deferred_unavailable,0,scenes/F1023_v90_D0117_P7/satellite/F1023_v90_D0117_P7_satellite_elevation_summary.csv,55b39262d080f02505368229866fba5852ef68a5fa4563f092992f4c2ec490e7,6,summary_is_run_level_only; event_time_alignment_not_verified,sage-event-path-db-v1
F1023_v90_D0117_P7__G32__ch5__nav_sage_v2__ingestion_20260825_event_path_v1__geometry_summary,F1023_v90_D0117_P7,F1023_v90_D0117_P7__G32__ch5__nav_sage_v2__ingestion_20260825_event_path_v1,G32,run_summary,2026-01-17T12:37:01.990Z,2026-01-17T12:37:30.990Z,22.000,22.000,22.000,22.000,0.000,243.000,41.792,24,Low,deferred_unavailable,0,scenes/F1023_v90_D0117_P7/satellite/F1023_v90_D0117_P7_satellite_elevation_summary.csv,55b39262d080f02505368229866fba5852ef68a5fa4563f092992f4c2ec490e7,7,summary_is_run_level_only; event_time_alignment_not_verified,sage-event-path-db-v1
F1023_V70_D0117_P2__G06__ch4__G06_nav_sage_v1__ingestion_20260825_event_path_v1__geometry_summary,F1023_V70_D0117_P2,F1023_V70_D0117_P2__G06__ch4__G06_nav_sage_v1__ingestion_20260825_event_path_v1,G06,run_summary,2026-01-17T11:48:21.000Z,2026-01-17T11:48:24.000Z,22.000,22.000,22.000,22.000,0.000,47.000,41.500,4,Low,deferred_unavailable,0,scenes/F1023_V70_D0117_P2/satellite/F1023_V70_D0117_P2_satellite_elevation_summary.csv,932868a9c91a92c17e7edcf1b6edbb98a384914c58f49d5a78d45ac016d22cfc,2,summary_is_run_level_only; event_time_alignment_not_verified,sage-event-path-db-v1
F1023_V70_D0117_P2__G11__ch5__nav_sage_v2__ingestion_20260825_event_path_v1__geometry_summary,F1023_V70_D0117_P2,F1023_V70_D0117_P2__G11__ch5__nav_sage_v2__ingestion_20260825_event_path_v1,G11,run_summary,2026-01-17T11:48:21.000Z,2026-01-17T11:48:41.000Z,31.000,31.000,31.000,31.000,0.000,95.000,45.476,21,Mid,deferred_unavailable,0,scenes/F1023_V70_D0117_P2/satellite/F1023_V70_D0117_P2_satellite_elevation_summary.csv,932868a9c91a92c17e7edcf1b6edbb98a384914c58f49d5a78d45ac016d22cfc,3,summary_is_run_level_only; event_time_alignment_not_verified,sage-event-path-db-v1
F1023_V70_D0117_P2__G12__ch6__nav_sage_v2__ingestion_20260825_event_path_v1__geometry_summary,F1023_V70_D0117_P2,F1023_V70_D0117_P2__G12__ch6__nav_sage_v2__ingestion_20260825_event_path_v1,G12,run_summary,2026-01-17T11:48:21.000Z,2026-01-17T11:48:41.000Z,59.000,59.000,59.000,59.000,0.000,70.429,49.000,21,Mid,deferred_unavailable,0,scenes/F1023_V70_D0117_P2/satellite/F1023_V70_D0117_P2_satellite_elevation_summary.csv,932868a9c91a92c17e7edcf1b6edbb98a384914c58f49d5a78d45ac016d22cfc,4,summary_is_run_level_only; event_time_alignment_not_verified,sage-event-path-db-v1
F1023_V70_D0117_P2__G25__ch0__nav_sage_v2__ingestion_20260825_event_path_v1__geometry_summary,F1023_V70_D0117_P2,F1023_V70_D0117_P2__G25__ch0__nav_sage_v2__ingestion_20260825_event_path_v1,G25,run_summary,2026-01-17T11:48:21.000Z,2026-01-17T11:48:41.000Z,73.000,73.000,73.000,73.000,0.000,296.000,49.667,21,High,deferred_unavailable,0,scenes/F1023_V70_D0117_P2/satellite/F1023_V70_D0117_P2_satellite_elevation_summary.csv,932868a9c91a92c17e7edcf1b6edbb98a384914c58f49d5a78d45ac016d22cfc,5,summary_is_run_level_only; event_time_alignment_not_verified,sage-event-path-db-v1
F1023_V70_D0117_P2__G28__ch1__nav_sage_v2__ingestion_20260825_event_path_v1__geometry_summary,F1023_V70_D0117_P2,F1023_V70_D0117_P2__G28__ch1__nav_sage_v2__ingestion_20260825_event_path_v1,G28,run_summary,2026-01-17T11:48:21.000Z,2026-01-17T11:48:36.000Z,29.000,29.000,29.000,29.000,0.000,308.000,45.938,16,Low,deferred_unavailable,0,scenes/F1023_V70_D0117_P2/satellite/F1023_V70_D0117_P2_satellite_elevation_summary.csv,932868a9c91a92c17e7edcf1b6edbb98a384914c58f49d5a78d45ac016d22cfc,6,summary_is_run_level_only; event_time_alignment_not_verified,sage-event-path-db-v1
F1023_V70_D0117_P2__G29__ch7__nav_sage_v2__ingestion_20260825_event_path_v1__geometry_summary,F1023_V70_D0117_P2,F1023_V70_D0117_P2__G29__ch7__nav_sage_v2__ingestion_20260825_event_path_v1,G29,run_summary,2026-01-17T11:48:21.000Z,2026-01-17T11:48:41.000Z,41.000,41.000,41.000,41.000,0.000,204.000,45.857,21,Mid,deferred_unavailable,0,scenes/F1023_V70_D0117_P2/satellite/F1023_V70_D0117_P2_satellite_elevation_summary.csv,932868a9c91a92c17e7edcf1b6edbb98a384914c58f49d5a78d45ac016d22cfc,7,summary_is_run_level_only; event_time_alignment_not_verified,sage-event-path-db-v1
F1023_V70_D0117_P2__G32__ch11__nav_sage_v2__ingestion_20260825_event_path_v1__geometry_summary,F1023_V70_D0117_P2,F1023_V70_D0117_P2__G32__ch11__nav_sage_v2__ingestion_20260825_event_path_v1,G32,run_summary,2026-01-17T11:48:21.000Z,2026-01-17T11:48:41.000Z,36.000,36.000,36.000,36.000,0.000,265.000,48.571,21,Mid,deferred_unavailable,0,scenes/F1023_V70_D0117_P2/satellite/F1023_V70_D0117_P2_satellite_elevation_summary.csv,932868a9c91a92c17e7edcf1b6edbb98a384914c58f49d5a78d45ac016d22cfc,8,summary_is_run_level_only; event_time_alignment_not_verified,sage-event-path-db-v1
