parameter_set_id,parameter_version,event_id,run_id,scene_id,prn,center_window_id,event_utc,environment_class,special_condition,road_type,elevation_deg,elevation_band,environment_modeling_ready,elevation_modeling_ready,confirmed_path_count,elevation_modeling_ready_path_count,max_excess_delay_chips,median_excess_delay_chips,mean_excess_delay_chips,max_excess_delay_s,max_excess_path_length_m,min_relative_doppler_hz,max_relative_doppler_hz,relative_doppler_span_hz,median_relative_doppler_hz,min_relative_power_db,max_relative_power_db,median_relative_power_db,parameter_source_status
parameters_20260825_stage4_path_v1,stage4-confirmed-path-parameters-v1,F1023_V70_D0117_P2__G11__ch5__nav_sage_v2__ingestion_20260825_event_path_v1__event_640,F1023_V70_D0117_P2__G11__ch5__nav_sage_v2__ingestion_20260825_event_path_v1,F1023_V70_D0117_P2,G11,640,2026-01-17T11:48:30.780Z,Mountain/Valley,valley terrain,valley road,31,MID,1,1,1,1,0.11,0.11,0.11,1.0752688172e-07,32.235748172,-10.0131071441,-10.0131071441,0,-10.0131071441,-7.40707303905,-7.40707303905,-7.40707303905,complete
parameters_20260825_stage4_path_v1,stage4-confirmed-path-parameters-v1,F1023_V70_D0117_P2__G12__ch6__nav_sage_v2__ingestion_20260825_event_path_v1__event_970,F1023_V70_D0117_P2__G12__ch6__nav_sage_v2__ingestion_20260825_event_path_v1,F1023_V70_D0117_P2,G12,970,2026-01-17T11:48:37.380Z,Mountain/Valley,valley terrain,valley road,59,MID,1,1,1,1,0.11,0.11,0.11,1.0752688172e-07,32.235748172,24.4273194847,24.4273194847,0,24.4273194847,-15.9205381372,-15.9205381372,-15.9205381372,complete
parameters_20260825_stage4_path_v1,stage4-confirmed-path-parameters-v1,F1023_V70_D0117_P2__G12__ch6__nav_sage_v2__ingestion_20260825_event_path_v1__event_971,F1023_V70_D0117_P2__G12__ch6__nav_sage_v2__ingestion_20260825_event_path_v1,F1023_V70_D0117_P2,G12,971,2026-01-17T11:48:37.400Z,Mountain/Valley,valley terrain,valley road,59,MID,1,1,1,1,0.11,0.11,0.11,1.0752688172e-07,32.235748172,-0.599714753363,-0.599714753363,0,-0.599714753363,-5.11357332638,-5.11357332638,-5.11357332638,complete
parameters_20260825_stage4_path_v1,stage4-confirmed-path-parameters-v1,F1023_V70_D0117_P2__G29__ch7__nav_sage_v2__ingestion_20260825_event_path_v1__event_80,F1023_V70_D0117_P2__G29__ch7__nav_sage_v2__ingestion_20260825_event_path_v1,F1023_V70_D0117_P2,G29,80,2026-01-17T11:48:19.580Z,Mountain/Valley,valley terrain,valley road,41,MID,1,1,1,1,0.11,0.11,0.11,1.0752688172e-07,32.235748172,-5.33569790472,-5.33569790472,0,-5.33569790472,-3.15175805378,-3.15175805378,-3.15175805378,complete
parameters_20260825_stage4_path_v1,stage4-confirmed-path-parameters-v1,F1023_V70_D0117_P2__G32__ch11__nav_sage_v2__ingestion_20260825_event_path_v1__event_82,F1023_V70_D0117_P2__G32__ch11__nav_sage_v2__ingestion_20260825_event_path_v1,F1023_V70_D0117_P2,G32,82,2026-01-17T11:48:19.620Z,Mountain/Valley,valley terrain,valley road,36,MID,1,1,2,2,0.25,0.18,0.18,2.44379276637e-07,73.2630640274,-65.3356979047,19.6643020953,85,-22.8356979047,-19.5141130729,-11.3788478129,-15.4464804429,complete
parameters_20260825_stage4_path_v1,stage4-confirmed-path-parameters-v1,F1023_V70_D0117_P2__G32__ch11__nav_sage_v2__ingestion_20260825_event_path_v1__event_84,F1023_V70_D0117_P2__G32__ch11__nav_sage_v2__ingestion_20260825_event_path_v1,F1023_V70_D0117_P2,G32,84,2026-01-17T11:48:19.660Z,Mountain/Valley,valley terrain,valley road,36,MID,1,1,1,1,0.11,0.11,0.11,1.0752688172e-07,32.235748172,14.6643020953,14.6643020953,0,14.6643020953,-8.83634983939,-8.83634983939,-8.83634983939,complete
parameters_20260825_stage4_path_v1,stage4-confirmed-path-parameters-v1,F1023_V70_D0117_P4__G25__ch7__nav_sage_v2__ingestion_20260825_event_path_v1__event_347,F1023_V70_D0117_P4__G25__ch7__nav_sage_v2__ingestion_20260825_event_path_v1,F1023_V70_D0117_P4,G25,347,2026-01-17T12:18:36.920Z,Mountain/Valley,mountain ascending road,mountain ascending road,83,HIGH,1,1,1,1,0.12,0.12,0.12,1.17302052786e-07,35.1662707331,-4.50392352314,-4.50392352314,0,-4.50392352314,-8.64239900344,-8.64239900344,-8.64239900344,complete
parameters_20260825_stage4_path_v1,stage4-confirmed-path-parameters-v1,F1023_V70_D0117_P4__G25__ch7__nav_sage_v2__ingestion_20260825_event_path_v1__event_350,F1023_V70_D0117_P4__G25__ch7__nav_sage_v2__ingestion_20260825_event_path_v1,F1023_V70_D0117_P4,G25,350,2026-01-17T12:18:36.980Z,Mountain/Valley,mountain ascending road,mountain ascending road,83,HIGH,1,1,1,1,0.1,0.1,0.1,9.77517106549e-08,29.3052256109,0.116515775417,0.116515775417,0,0.116515775417,-4.21749227646,-4.21749227646,-4.21749227646,complete
parameters_20260825_stage4_path_v1,stage4-confirmed-path-parameters-v1,F1023_V70_D0117_P4__G29__ch9__nav_sage_v2__ingestion_20260825_event_path_v1__event_348,F1023_V70_D0117_P4__G29__ch9__nav_sage_v2__ingestion_20260825_event_path_v1,F1023_V70_D0117_P4,G29,348,2026-01-17T12:18:36.940Z,Mountain/Valley,mountain ascending road,mountain ascending road,56,MID,1,1,1,1,0.11,0.11,0.11,1.0752688172e-07,32.235748172,5.36955624354,5.36955624354,0,5.36955624354,-7.89405842982,-7.89405842982,-7.89405842982,complete
parameters_20260825_stage4_path_v1,stage4-confirmed-path-parameters-v1,F1023_V70_D0117_P4__G32__ch3__nav_sage_v2__ingestion_20260825_event_path_v1__event_357,F1023_V70_D0117_P4__G32__ch3__nav_sage_v2__ingestion_20260825_event_path_v1,F1023_V70_D0117_P4,G32,357,2026-01-17T12:18:37.120Z,Mountain/Valley,mountain ascending road,mountain ascending road,28,LOW,1,1,1,1,0.11,0.11,0.11,1.0752688172e-07,32.235748172,-4.05839928035,-4.05839928035,0,-4.05839928035,-3.49096986532,-3.49096986532,-3.49096986532,complete
parameters_20260825_stage4_path_v1,stage4-confirmed-path-parameters-v1,F1023_V70_D0120_P1__G26__ch3__nav_sage_v2__ingestion_20260825_event_path_v1__event_76,F1023_V70_D0120_P1__G26__ch3__nav_sage_v2__ingestion_20260825_event_path_v1,F1023_V70_D0120_P1,G26,76,2026-01-20T15:21:19.500Z,Urban,high-rise buildings,urban road,74,HIGH,1,1,1,1,0.11,0.11,0.11,1.0752688172e-07,32.235748172,9.66430209529,9.66430209529,0,9.66430209529,-8.1520128176,-8.1520128176,-8.1520128176,complete
parameters_20260825_stage4_path_v1,stage4-confirmed-path-parameters-v1,F1023_V70_D0120_P1__G26__ch3__nav_sage_v2__ingestion_20260825_event_path_v1__event_78,F1023_V70_D0120_P1__G26__ch3__nav_sage_v2__ingestion_20260825_event_path_v1,F1023_V70_D0120_P1,G26,78,2026-01-20T15:21:19.540Z,Urban,high-rise buildings,urban road,74,HIGH,1,1,1,1,0.11,0.11,0.11,1.0752688172e-07,32.235748172,9.66430209529,9.66430209529,0,9.66430209529,-7.65772309879,-7.65772309879,-7.65772309879,complete
parameters_20260825_stage4_path_v1,stage4-confirmed-path-parameters-v1,F1023_V70_D0120_P1__G29__ch5__nav_sage_v2__ingestion_20260825_event_path_v1__event_1218,F1023_V70_D0120_P1__G29__ch5__nav_sage_v2__ingestion_20260825_event_path_v1,F1023_V70_D0120_P1,G29,1218,2026-01-20T15:21:42.340Z,Urban,high-rise buildings,urban road,34,MID,1,1,1,1,0.11,0.11,0.11,1.0752688172e-07,32.235748172,-1.18569544442,-1.18569544442,0,-1.18569544442,1.99172158788,1.99172158788,1.99172158788,complete
parameters_20260825_stage4_path_v1,stage4-confirmed-path-parameters-v1,F1023_V70_D0120_P1__G29__ch5__nav_sage_v2__ingestion_20260825_event_path_v1__event_2593,F1023_V70_D0120_P1__G29__ch5__nav_sage_v2__ingestion_20260825_event_path_v1,F1023_V70_D0120_P1,G29,2593,2026-01-20T15:22:09.840Z,Urban,high-rise buildings,urban road,33,MID,1,1,1,1,0.11,0.11,0.11,1.0752688172e-07,32.235748172,19.6643020953,19.6643020953,0,19.6643020953,-8.37792084097,-8.37792084097,-8.37792084097,complete
parameters_20260825_stage4_path_v1,stage4-confirmed-path-parameters-v1,F1023_V70_D0120_P1__G29__ch5__nav_sage_v2__ingestion_20260825_event_path_v1__event_2594,F1023_V70_D0120_P1__G29__ch5__nav_sage_v2__ingestion_20260825_event_path_v1,F1023_V70_D0120_P1,G29,2594,2026-01-20T15:22:09.860Z,Urban,high-rise buildings,urban road,33,MID,1,1,1,1,0.12,0.12,0.12,1.17302052786e-07,35.1662707331,4.66430209529,4.66430209529,0,4.66430209529,-2.10703189943,-2.10703189943,-2.10703189943,complete
parameters_20260825_stage4_path_v1,stage4-confirmed-path-parameters-v1,F1023_V70_D0120_P1__G31__ch9__nav_sage_v2__ingestion_20260825_event_path_v1__event_469,F1023_V70_D0120_P1__G31__ch9__nav_sage_v2__ingestion_20260825_event_path_v1,F1023_V70_D0120_P1,G31,469,2026-01-20T15:21:57.360Z,Urban,high-rise buildings,urban road,34,MID,1,1,1,1,0.17,0.17,0.17,1.66177908113e-07,49.8188835386,-21.311063597,-21.311063597,0,-21.311063597,-6.12322208384,-6.12322208384,-6.12322208384,complete
parameters_20260825_stage4_path_v1,stage4-confirmed-path-parameters-v1,F1023_V70_D0120_P1__G31__ch9__nav_sage_v2__ingestion_20260825_event_path_v1__event_471,F1023_V70_D0120_P1__G31__ch9__nav_sage_v2__ingestion_20260825_event_path_v1,F1023_V70_D0120_P1,G31,471,2026-01-20T15:21:57.400Z,Urban,high-rise buildings,urban road,34,MID,1,1,1,1,0.17,0.17,0.17,1.66177908113e-07,49.8188835386,-17.1372299111,-17.1372299111,0,-17.1372299111,-4.88615542102,-4.88615542102,-4.88615542102,complete
parameters_20260825_stage4_path_v1,stage4-confirmed-path-parameters-v1,F1023_V70_D0120_P1__G31__ch9__nav_sage_v2__ingestion_20260825_event_path_v1__event_594,F1023_V70_D0120_P1__G31__ch9__nav_sage_v2__ingestion_20260825_event_path_v1,F1023_V70_D0120_P1,G31,594,2026-01-20T15:21:59.860Z,Urban,high-rise buildings,urban road,34,MID,1,1,1,1,0.12,0.12,0.12,1.17302052786e-07,35.1662707331,-31.0233485932,-31.0233485932,0,-31.0233485932,-6.06877775185,-6.06877775185,-6.06877775185,complete
parameters_20260825_stage4_path_v1,stage4-confirmed-path-parameters-v1,F1023_V70_D0120_P1__G31__ch9__nav_sage_v2__ingestion_20260825_event_path_v1__event_784,F1023_V70_D0120_P1__G31__ch9__nav_sage_v2__ingestion_20260825_event_path_v1,F1023_V70_D0120_P1,G31,784,2026-01-20T15:22:03.660Z,Urban,high-rise buildings,urban road,34,MID,1,1,1,1,0.1,0.1,0.1,9.77517106549e-08,29.3052256109,12.8859841776,12.8859841776,0,12.8859841776,-10.2137455218,-10.2137455218,-10.2137455218,complete
parameters_20260825_stage4_path_v1,stage4-confirmed-path-parameters-v1,F1023_V70_D0120_P5__G18__ch2__nav_sage_v2__ingestion_20260825_event_path_v1__event_874,F1023_V70_D0120_P5__G18__ch2__nav_sage_v2__ingestion_20260825_event_path_v1,F1023_V70_D0120_P5,G18,874,2026-01-20T15:27:35.460Z,Urban,low-rise residential area,urban residential road,73,HIGH,1,1,1,1,0.1,0.1,0.1,9.77517106549e-08,29.3052256109,9.66430209529,9.66430209529,0,9.66430209529,-7.85419886107,-7.85419886107,-7.85419886107,complete
parameters_20260825_stage4_path_v1,stage4-confirmed-path-parameters-v1,F1023_V70_D0120_P5__G26__ch7__nav_sage_v2__ingestion_20260825_event_path_v1__event_124,F1023_V70_D0120_P5__G26__ch7__nav_sage_v2__ingestion_20260825_event_path_v1,F1023_V70_D0120_P5,G26,124,2026-01-20T15:27:20.460Z,Urban,low-rise residential area,urban residential road,,,1,0,1,0,0.11,0.11,0.11,1.0752688172e-07,32.235748172,9.66430209529,9.66430209529,0,9.66430209529,-12.5674704012,-12.5674704012,-12.5674704012,complete
parameters_20260825_stage4_path_v1,stage4-confirmed-path-parameters-v1,F1023_V70_D0120_P5__G26__ch7__nav_sage_v2__ingestion_20260825_event_path_v1__event_286,F1023_V70_D0120_P5__G26__ch7__nav_sage_v2__ingestion_20260825_event_path_v1,F1023_V70_D0120_P5,G26,286,2026-01-20T15:27:23.700Z,Urban,low-rise residential area,urban residential road,,,1,0,1,0,0.11,0.11,0.11,1.0752688172e-07,32.235748172,-5.33569790471,-5.33569790471,0,-5.33569790471,-6.03250890184,-6.03250890184,-6.03250890184,complete
parameters_20260825_stage4_path_v1,stage4-confirmed-path-parameters-v1,F1023_V70_D0120_P7__G18__ch4__nav_sage_v2__ingestion_20260825_event_path_v1__event_417,F1023_V70_D0120_P7__G18__ch4__nav_sage_v2__ingestion_20260825_event_path_v1,F1023_V70_D0120_P7,G18,417,2026-01-20T15:32:02.320Z,Urban,tram infrastructure and moving tram,urban tram road,74,HIGH,1,1,1,1,0.1,0.1,0.1,9.77517106549e-08,29.3052256109,-5.38479989099,-5.38479989099,0,-5.38479989099,-4.73078763184,-4.73078763184,-4.73078763184,complete
parameters_20260825_stage4_path_v1,stage4-confirmed-path-parameters-v1,F1023_V70_D0120_P7__G18__ch4__nav_sage_v2__ingestion_20260825_event_path_v1__event_84,F1023_V70_D0120_P7__G18__ch4__nav_sage_v2__ingestion_20260825_event_path_v1,F1023_V70_D0120_P7,G18,84,2026-01-20T15:31:55.660Z,Urban,tram infrastructure and moving tram,urban tram road,74,HIGH,1,1,1,1,0.1,0.1,0.1,9.77517106549e-08,29.3052256109,-5.33569790471,-5.33569790471,0,-5.33569790471,-6.63445699394,-6.63445699394,-6.63445699394,complete
parameters_20260825_stage4_path_v1,stage4-confirmed-path-parameters-v1,F1023_V70_D0120_P7__G31__ch8__nav_sage_v2__ingestion_20260825_event_path_v1__event_2093,F1023_V70_D0120_P7__G31__ch8__nav_sage_v2__ingestion_20260825_event_path_v1,F1023_V70_D0120_P7,G31,2093,2026-01-20T15:32:35.840Z,Urban,tram infrastructure and moving tram,urban tram road,30,MID,1,1,1,1,0.19,0.19,0.19,1.85728250244e-07,55.6799286608,-2.06020001075,-2.06020001075,0,-2.06020001075,-0.971023214366,-0.971023214366,-0.971023214366,complete
parameters_20260825_stage4_path_v1,stage4-confirmed-path-parameters-v1,F1023_V70_D0120_P7__G31__ch8__nav_sage_v2__ingestion_20260825_event_path_v1__event_432,F1023_V70_D0120_P7__G31__ch8__nav_sage_v2__ingestion_20260825_event_path_v1,F1023_V70_D0120_P7,G31,432,2026-01-20T15:32:02.620Z,Urban,tram infrastructure and moving tram,urban tram road,30,MID,1,1,1,1,0.11,0.11,0.11,1.0752688172e-07,32.235748172,-17.3515583851,-17.3515583851,0,-17.3515583851,-7.75194332455,-7.75194332455,-7.75194332455,complete
parameters_20260825_stage4_path_v1,stage4-confirmed-path-parameters-v1,F1023_V70_D0120_P7__G31__ch8__nav_sage_v2__ingestion_20260825_event_path_v1__event_74,F1023_V70_D0120_P7__G31__ch8__nav_sage_v2__ingestion_20260825_event_path_v1,F1023_V70_D0120_P7,G31,74,2026-01-20T15:31:55.460Z,Urban,tram infrastructure and moving tram,urban tram road,30,MID,1,1,1,1,0.15,0.15,0.15,1.46627565982e-07,43.9578384164,-15.3356979047,-15.3356979047,0,-15.3356979047,-10.6563797918,-10.6563797918,-10.6563797918,complete
parameters_20260825_stage4_path_v1,stage4-confirmed-path-parameters-v1,F1023_V70_D0120_P7__G31__ch8__nav_sage_v2__ingestion_20260825_event_path_v1__event_75,F1023_V70_D0120_P7__G31__ch8__nav_sage_v2__ingestion_20260825_event_path_v1,F1023_V70_D0120_P7,G31,75,2026-01-20T15:31:55.480Z,Urban,tram infrastructure and moving tram,urban tram road,30,MID,1,1,1,1,0.35,0.35,0.35,3.42130987292e-07,102.568289638,-10.3356979047,-10.3356979047,0,-10.3356979047,-13.7590184841,-13.7590184841,-13.7590184841,complete
parameters_20260825_stage4_path_v1,stage4-confirmed-path-parameters-v1,F1023_V70_D0120_P7__G31__ch8__nav_sage_v2__ingestion_20260825_event_path_v1__event_76,F1023_V70_D0120_P7__G31__ch8__nav_sage_v2__ingestion_20260825_event_path_v1,F1023_V70_D0120_P7,G31,76,2026-01-20T15:31:55.500Z,Urban,tram infrastructure and moving tram,urban tram road,30,MID,1,1,1,1,0.11,0.11,0.11,1.0752688172e-07,32.235748172,-15.3356979047,-15.3356979047,0,-15.3356979047,-5.42357074079,-5.42357074079,-5.42357074079,complete
parameters_20260825_stage4_path_v1,stage4-confirmed-path-parameters-v1,F1023_V70_D0120_P8__G18__ch9__nav_sage_v2__ingestion_20260825_event_path_v1__event_848,F1023_V70_D0120_P8__G18__ch9__nav_sage_v2__ingestion_20260825_event_path_v1,F1023_V70_D0120_P8,G18,848,2026-01-20T15:34:10.940Z,Urban,general urban road,urban road,74,HIGH,1,1,1,1,0.11,0.11,0.11,1.0752688172e-07,32.235748172,6.70293056612,6.70293056612,0,6.70293056612,-6.56397575035,-6.56397575035,-6.56397575035,complete
parameters_20260825_stage4_path_v1,stage4-confirmed-path-parameters-v1,F1023_V70_D0120_P8__G26__ch3__nav_sage_v2__ingestion_20260825_event_path_v1__event_299,F1023_V70_D0120_P8__G26__ch3__nav_sage_v2__ingestion_20260825_event_path_v1,F1023_V70_D0120_P8,G26,299,2026-01-20T15:33:59.960Z,Urban,general urban road,urban road,74,HIGH,1,1,1,1,0.11,0.11,0.11,1.0752688172e-07,32.235748172,14.6643020953,14.6643020953,0,14.6643020953,-6.99000181937,-6.99000181937,-6.99000181937,complete
parameters_20260825_stage4_path_v1,stage4-confirmed-path-parameters-v1,F1023_V70_D0120_P9__G16__ch9__nav_sage_v2__ingestion_20260825_event_path_v1__event_2565,F1023_V70_D0120_P9__G16__ch9__nav_sage_v2__ingestion_20260825_event_path_v1,F1023_V70_D0120_P9,G16,2565,2026-01-20T15:36:21.280Z,Special Reflective,bridge over wide water surface,bridge over water,51,MID,1,1,1,1,0.1,0.1,0.1,9.77517106549e-08,29.3052256109,-0.335697904715,-0.335697904715,0,-0.335697904715,-6.99350764374,-6.99350764374,-6.99350764374,complete
parameters_20260825_stage4_path_v1,stage4-confirmed-path-parameters-v1,F1023_V70_D0120_P9__G26__ch6__nav_sage_v2__ingestion_20260825_event_path_v1__event_2285,F1023_V70_D0120_P9__G26__ch6__nav_sage_v2__ingestion_20260825_event_path_v1,F1023_V70_D0120_P9,G26,2285,2026-01-20T15:36:15.680Z,Special Reflective,bridge over wide water surface,bridge over water,73,HIGH,1,1,1,1,0.18,0.18,0.18,1.75953079179e-07,52.7494060997,-29.454645324,-29.454645324,0,-29.454645324,-19.5143035547,-19.5143035547,-19.5143035547,complete
parameters_20260825_stage4_path_v1,stage4-confirmed-path-parameters-v1,F1023_V70_D0120_P9__G27__ch5__nav_sage_v2__ingestion_20260825_event_path_v1__event_755,F1023_V70_D0120_P9__G27__ch5__nav_sage_v2__ingestion_20260825_event_path_v1,F1023_V70_D0120_P9,G27,755,2026-01-20T15:36:15.080Z,Special Reflective,bridge over wide water surface,bridge over water,22,LOW,1,1,1,1,0.33,0.33,0.33,3.22580645161e-07,96.7072445161,54.7545501803,54.7545501803,0,54.7545501803,-3.66764242119,-3.66764242119,-3.66764242119,complete
parameters_20260825_stage4_path_v1,stage4-confirmed-path-parameters-v1,F1023_V70_D0120_P9__G27__ch5__nav_sage_v2__ingestion_20260825_event_path_v1__event_757,F1023_V70_D0120_P9__G27__ch5__nav_sage_v2__ingestion_20260825_event_path_v1,F1023_V70_D0120_P9,G27,757,2026-01-20T15:36:15.120Z,Special Reflective,bridge over wide water surface,bridge over water,22,LOW,1,1,1,1,0.32,0.32,0.32,3.12805474096e-07,93.776721955,58.8072704798,58.8072704798,0,58.8072704798,-5.19406710916,-5.19406710916,-5.19406710916,complete
parameters_20260825_stage4_path_v1,stage4-confirmed-path-parameters-v1,F1023_V70_D0120_P9__G27__ch5__nav_sage_v2__ingestion_20260825_event_path_v1__event_796,F1023_V70_D0120_P9__G27__ch5__nav_sage_v2__ingestion_20260825_event_path_v1,F1023_V70_D0120_P9,G27,796,2026-01-20T15:36:15.900Z,Special Reflective,bridge over wide water surface,bridge over water,22,LOW,1,1,1,1,0.28,0.28,0.28,2.73704789834e-07,82.0546317107,60.3353163244,60.3353163244,0,60.3353163244,-4.7135463388,-4.7135463388,-4.7135463388,complete
parameters_20260825_stage4_path_v1,stage4-confirmed-path-parameters-v1,F1023_V70_D0120_P9__G27__ch5__nav_sage_v2__ingestion_20260825_event_path_v1__event_822,F1023_V70_D0120_P9__G27__ch5__nav_sage_v2__ingestion_20260825_event_path_v1,F1023_V70_D0120_P9,G27,822,2026-01-20T15:36:16.420Z,Special Reflective,bridge over wide water surface,bridge over water,22,LOW,1,1,1,1,0.26,0.26,0.26,2.54154447703e-07,76.1935865885,60.9873821455,60.9873821455,0,60.9873821455,-6.55295075544,-6.55295075544,-6.55295075544,complete
parameters_20260825_stage4_path_v1,stage4-confirmed-path-parameters-v1,F1023_V70_D0120_P9__G27__ch5__nav_sage_v2__ingestion_20260825_event_path_v1__event_823,F1023_V70_D0120_P9__G27__ch5__nav_sage_v2__ingestion_20260825_event_path_v1,F1023_V70_D0120_P9,G27,823,2026-01-20T15:36:16.440Z,Special Reflective,bridge over wide water surface,bridge over water,22,LOW,1,1,1,1,0.27,0.27,0.27,2.63929618768e-07,79.1241091496,61.1312042917,61.1312042917,0,61.1312042917,-5.90480848254,-5.90480848254,-5.90480848254,complete
parameters_20260825_stage4_path_v1,stage4-confirmed-path-parameters-v1,F1023_V70_D0120_P9__G27__ch5__nav_sage_v2__ingestion_20260825_event_path_v1__event_845,F1023_V70_D0120_P9__G27__ch5__nav_sage_v2__ingestion_20260825_event_path_v1,F1023_V70_D0120_P9,G27,845,2026-01-20T15:36:16.880Z,Special Reflective,bridge over wide water surface,bridge over water,22,LOW,1,1,1,1,0.26,0.26,0.26,2.54154447703e-07,76.1935865885,54.2952915097,54.2952915097,0,54.2952915097,-2.29558115603,-2.29558115603,-2.29558115603,complete
parameters_20260825_stage4_path_v1,stage4-confirmed-path-parameters-v1,F1023_V70_D0120_P9__G27__ch5__nav_sage_v2__ingestion_20260825_event_path_v1__event_846,F1023_V70_D0120_P9__G27__ch5__nav_sage_v2__ingestion_20260825_event_path_v1,F1023_V70_D0120_P9,G27,846,2026-01-20T15:36:16.900Z,Special Reflective,bridge over wide water surface,bridge over water,22,LOW,1,1,1,1,0.26,0.26,0.26,2.54154447703e-07,76.1935865885,59.4391136559,59.4391136559,0,59.4391136559,-2.79065278139,-2.79065278139,-2.79065278139,complete
parameters_20260825_stage4_path_v1,stage4-confirmed-path-parameters-v1,F1023_V70_D0120_P9__G27__ch5__nav_sage_v2__ingestion_20260825_event_path_v1__event_847,F1023_V70_D0120_P9__G27__ch5__nav_sage_v2__ingestion_20260825_event_path_v1,F1023_V70_D0120_P9,G27,847,2026-01-20T15:36:16.920Z,Special Reflective,bridge over wide water surface,bridge over water,22,LOW,1,1,1,1,0.27,0.27,0.27,2.63929618768e-07,79.1241091496,59.5829358023,59.5829358023,0,59.5829358023,-3.18327858084,-3.18327858084,-3.18327858084,complete
parameters_20260825_stage4_path_v1,stage4-confirmed-path-parameters-v1,F1023_V70_D0120_P9__G29__ch4__nav_sage_v2__ingestion_20260825_event_path_v1__event_560,F1023_V70_D0120_P9__G29__ch4__nav_sage_v2__ingestion_20260825_event_path_v1,F1023_V70_D0120_P9,G29,560,2026-01-20T15:35:41.180Z,Special Reflective,bridge over wide water surface,bridge over water,28,LOW,1,1,1,1,0.11,0.11,0.11,1.0752688172e-07,32.235748172,10.8005277009,10.8005277009,0,10.8005277009,-7.17440666457,-7.17440666457,-7.17440666457,complete
parameters_20260825_stage4_path_v1,stage4-confirmed-path-parameters-v1,F1023_V70_D0120_P9__G31__ch7__nav_sage_v2__ingestion_20260825_event_path_v1__event_1476,F1023_V70_D0120_P9__G31__ch7__nav_sage_v2__ingestion_20260825_event_path_v1,F1023_V70_D0120_P9,G31,1476,2026-01-20T15:36:17.500Z,Special Reflective,bridge over wide water surface,bridge over water,29,LOW,1,1,1,1,0.12,0.12,0.12,1.17302052786e-07,35.1662707331,12.3993980751,12.3993980751,0,12.3993980751,-3.0453886384,-3.0453886384,-3.0453886384,complete
parameters_20260825_stage4_path_v1,stage4-confirmed-path-parameters-v1,F1023_V70_D0120_P9__G31__ch7__nav_sage_v2__ingestion_20260825_event_path_v1__event_449,F1023_V70_D0120_P9__G31__ch7__nav_sage_v2__ingestion_20260825_event_path_v1,F1023_V70_D0120_P9,G31,449,2026-01-20T15:35:56.960Z,Special Reflective,bridge over wide water surface,bridge over water,29,LOW,1,1,1,1,0.1,0.1,0.1,9.77517106549e-08,29.3052256109,-0.157565694562,-0.157565694562,0,-0.157565694562,0.339070822742,0.339070822742,0.339070822742,complete
parameters_20260825_stage4_path_v1,stage4-confirmed-path-parameters-v1,F1023_V70_D0120_P9__G31__ch7__nav_sage_v2__ingestion_20260825_event_path_v1__event_451,F1023_V70_D0120_P9__G31__ch7__nav_sage_v2__ingestion_20260825_event_path_v1,F1023_V70_D0120_P9,G31,451,2026-01-20T15:35:57.000Z,Special Reflective,bridge over wide water surface,bridge over water,29,LOW,1,1,1,1,0.12,0.12,0.12,1.17302052786e-07,35.1662707331,9.66725244302,9.66725244302,0,9.66725244302,-3.07705977176,-3.07705977176,-3.07705977176,complete
parameters_20260825_stage4_path_v1,stage4-confirmed-path-parameters-v1,F1023_V70_D0122_P1__G13__ch5__nav_sage_v2__ingestion_20260825_event_path_v1__event_1291,F1023_V70_D0122_P1__G13__ch5__nav_sage_v2__ingestion_20260825_event_path_v1,F1023_V70_D0122_P1,G13,1291,2026-01-22T08:23:01.840Z,Urban,street environment,urban street,30,MID,1,1,1,1,0.12,0.12,0.12,1.17302052786e-07,35.1662707331,-28.760370736,-28.760370736,0,-28.760370736,-12.8563382801,-12.8563382801,-12.8563382801,complete
parameters_20260825_stage4_path_v1,stage4-confirmed-path-parameters-v1,F1023_V70_D0122_P1__G13__ch5__nav_sage_v2__ingestion_20260825_event_path_v1__event_69,F1023_V70_D0122_P1__G13__ch5__nav_sage_v2__ingestion_20260825_event_path_v1,F1023_V70_D0122_P1,G13,69,2026-01-22T08:22:31.360Z,Urban,street environment,urban street,31,MID,1,1,1,1,0.11,0.11,0.11,1.0752688172e-07,32.235748172,-10.3356979047,-10.3356979047,0,-10.3356979047,-5.73621193729,-5.73621193729,-5.73621193729,complete
parameters_20260825_stage4_path_v1,stage4-confirmed-path-parameters-v1,F1023_V70_D0122_P1__G15__ch8__nav_sage_v2__ingestion_20260825_event_path_v1__event_1585,F1023_V70_D0122_P1__G15__ch8__nav_sage_v2__ingestion_20260825_event_path_v1,F1023_V70_D0122_P1,G15,1585,2026-01-22T08:23:01.680Z,Urban,street environment,urban street,46,MID,1,1,1,1,0.12,0.12,0.12,1.17302052786e-07,35.1662707331,16.4732050805,16.4732050805,0,16.4732050805,-17.4266250028,-17.4266250028,-17.4266250028,complete
parameters_20260825_stage4_path_v1,stage4-confirmed-path-parameters-v1,F1023_V70_D0122_P1__G15__ch8__nav_sage_v2__ingestion_20260825_event_path_v1__event_1587,F1023_V70_D0122_P1__G15__ch8__nav_sage_v2__ingestion_20260825_event_path_v1,F1023_V70_D0122_P1,G15,1587,2026-01-22T08:23:01.720Z,Urban,street environment,urban street,46,MID,1,1,1,1,0.12,0.12,0.12,1.17302052786e-07,35.1662707331,1.41481112643,1.41481112643,0,1.41481112643,-6.59429080239,-6.59429080239,-6.59429080239,complete
parameters_20260825_stage4_path_v1,stage4-confirmed-path-parameters-v1,F1023_V70_D0122_P1__G15__ch8__nav_sage_v2__ingestion_20260825_event_path_v1__event_431,F1023_V70_D0122_P1__G15__ch8__nav_sage_v2__ingestion_20260825_event_path_v1,F1023_V70_D0122_P1,G15,431,2026-01-22T08:22:38.600Z,Urban,street environment,urban street,46,MID,1,1,1,1,0.15,0.15,0.15,1.46627565982e-07,43.9578384164,22.5532405676,22.5532405676,0,22.5532405676,-19.1617004204,-19.1617004204,-19.1617004204,complete
parameters_20260825_stage4_path_v1,stage4-confirmed-path-parameters-v1,F1023_V70_D0122_P1__G15__ch8__nav_sage_v2__ingestion_20260825_event_path_v1__event_433,F1023_V70_D0122_P1__G15__ch8__nav_sage_v2__ingestion_20260825_event_path_v1,F1023_V70_D0122_P1,G15,433,2026-01-22T08:22:38.640Z,Urban,street environment,urban street,46,MID,1,1,1,1,0.11,0.11,0.11,1.0752688172e-07,32.235748172,22.2655962747,22.2655962747,0,22.2655962747,-14.5129577265,-14.5129577265,-14.5129577265,complete
parameters_20260825_stage4_path_v1,stage4-confirmed-path-parameters-v1,F1023_V70_D0122_P1__G17__ch2__nav_sage_v2__ingestion_20260825_event_path_v1__event_1318,F1023_V70_D0122_P1__G17__ch2__nav_sage_v2__ingestion_20260825_event_path_v1,F1023_V70_D0122_P1,G17,1318,2026-01-22T08:22:56.340Z,Urban,street environment,urban street,38,MID,1,1,1,1,0.36,0.36,0.36,3.51906158358e-07,105.498812199,76.893857824,76.893857824,0,76.893857824,-14.5651654013,-14.5651654013,-14.5651654013,complete
parameters_20260825_stage4_path_v1,stage4-confirmed-path-parameters-v1,F1023_V70_D0122_P1__G17__ch2__nav_sage_v2__ingestion_20260825_event_path_v1__event_1329,F1023_V70_D0122_P1__G17__ch2__nav_sage_v2__ingestion_20260825_event_path_v1,F1023_V70_D0122_P1,G17,1329,2026-01-22T08:22:56.560Z,Urban,street environment,urban street,38,MID,1,1,1,1,0.35,0.35,0.35,3.42130987292e-07,102.568289638,80.5735056392,80.5735056392,0,80.5735056392,-11.5782588615,-11.5782588615,-11.5782588615,complete
parameters_20260825_stage4_path_v1,stage4-confirmed-path-parameters-v1,F1023_V70_D0122_P1__G17__ch2__nav_sage_v2__ingestion_20260825_event_path_v1__event_1332,F1023_V70_D0122_P1__G17__ch2__nav_sage_v2__ingestion_20260825_event_path_v1,F1023_V70_D0122_P1,G17,1332,2026-01-22T08:22:56.620Z,Urban,street environment,urban street,38,MID,1,1,1,1,0.35,0.35,0.35,3.42130987292e-07,102.568289638,85.2134095887,85.2134095887,0,85.2134095887,-13.204015054,-13.204015054,-13.204015054,complete
parameters_20260825_stage4_path_v1,stage4-confirmed-path-parameters-v1,F1023_V70_D0122_P1__G17__ch2__nav_sage_v2__ingestion_20260825_event_path_v1__event_1428,F1023_V70_D0122_P1__G17__ch2__nav_sage_v2__ingestion_20260825_event_path_v1,F1023_V70_D0122_P1,G17,1428,2026-01-22T08:22:58.540Z,Urban,street environment,urban street,38,MID,1,1,1,1,0.12,0.12,0.12,1.17302052786e-07,35.1662707331,15.1636665907,15.1636665907,0,15.1636665907,-9.96077344323,-9.96077344323,-9.96077344323,complete
parameters_20260825_stage4_path_v1,stage4-confirmed-path-parameters-v1,F1023_V70_D0122_P1__G17__ch2__nav_sage_v2__ingestion_20260825_event_path_v1__event_1429,F1023_V70_D0122_P1__G17__ch2__nav_sage_v2__ingestion_20260825_event_path_v1,F1023_V70_D0122_P1,G17,1429,2026-01-22T08:22:58.560Z,Urban,street environment,urban street,38,MID,1,1,3,3,3.74,0.79,1.60333333333,3.65591397849e-06,1096.01543785,75.2426065658,140.242606566,65,135.242606566,-21.7625884166,-13.8878213302,-21.6291224978,complete
parameters_20260825_stage4_path_v1,stage4-confirmed-path-parameters-v1,F1023_V70_D0122_P1__G17__ch2__nav_sage_v2__ingestion_20260825_event_path_v1__event_1560,F1023_V70_D0122_P1__G17__ch2__nav_sage_v2__ingestion_20260825_event_path_v1,F1023_V70_D0122_P1,G17,1560,2026-01-22T08:23:01.180Z,Urban,street environment,urban street,38,MID,1,1,1,1,0.17,0.17,0.17,1.66177908113e-07,49.8188835386,62.2031295071,62.2031295071,0,62.2031295071,-12.6530613933,-12.6530613933,-12.6530613933,complete
parameters_20260825_stage4_path_v1,stage4-confirmed-path-parameters-v1,F1023_V70_D0122_P1__G17__ch2__nav_sage_v2__ingestion_20260825_event_path_v1__event_1562,F1023_V70_D0122_P1__G17__ch2__nav_sage_v2__ingestion_20260825_event_path_v1,F1023_V70_D0122_P1,G17,1562,2026-01-22T08:23:01.220Z,Urban,street environment,urban street,38,MID,1,1,1,1,0.16,0.16,0.16,1.56402737048e-07,46.8883609775,57.144735553,57.144735553,0,57.144735553,-12.4124202911,-12.4124202911,-12.4124202911,complete
parameters_20260825_stage4_path_v1,stage4-confirmed-path-parameters-v1,F1023_V70_D0122_P1__G19__ch11__nav_sage_v2__ingestion_20260825_event_path_v1__event_1434,F1023_V70_D0122_P1__G19__ch11__nav_sage_v2__ingestion_20260825_event_path_v1,F1023_V70_D0122_P1,G19,1434,2026-01-22T08:22:58.660Z,Urban,street environment,urban street,36,MID,1,1,1,1,0.27,0.27,0.27,2.63929618768e-07,79.1241091496,50.6373064408,50.6373064408,0,50.6373064408,-14.0058792429,-14.0058792429,-14.0058792429,complete
parameters_20260825_stage4_path_v1,stage4-confirmed-path-parameters-v1,F1023_V70_D0122_P1__G22__ch4__nav_sage_v2__ingestion_20260825_event_path_v1__event_434,F1023_V70_D0122_P1__G22__ch4__nav_sage_v2__ingestion_20260825_event_path_v1,F1023_V70_D0122_P1,G22,434,2026-01-22T08:22:38.660Z,Urban,street environment,urban street,38,MID,1,1,1,1,0.12,0.12,0.12,1.17302052786e-07,35.1662707331,77.1217741288,77.1217741288,0,77.1217741288,-15.8635228887,-15.8635228887,-15.8635228887,complete
parameters_20260825_stage4_path_v1,stage4-confirmed-path-parameters-v1,F1023_V70_D0122_P1__G22__ch4__nav_sage_v2__ingestion_20260825_event_path_v1__event_446,F1023_V70_D0122_P1__G22__ch4__nav_sage_v2__ingestion_20260825_event_path_v1,F1023_V70_D0122_P1,G22,446,2026-01-22T08:22:38.900Z,Urban,street environment,urban street,38,MID,1,1,1,1,0.14,0.14,0.14,1.36852394917e-07,41.0273158553,75.3959083731,75.3959083731,0,75.3959083731,-18.5408561785,-18.5408561785,-18.5408561785,complete
parameters_20260825_stage4_path_v1,stage4-confirmed-path-parameters-v1,F1023_V70_D0122_P1__G24__ch7__nav_sage_v2__ingestion_20260825_event_path_v1__event_1361,F1023_V70_D0122_P1__G24__ch7__nav_sage_v2__ingestion_20260825_event_path_v1,F1023_V70_D0122_P1,G24,1361,2026-01-22T08:22:57.200Z,Urban,street environment,urban street,69,HIGH,1,1,1,1,0.1,0.1,0.1,9.77517106549e-08,29.3052256109,12.9928172776,12.9928172776,0,12.9928172776,-9.99501464007,-9.99501464007,-9.99501464007,complete
parameters_20260825_stage4_path_v1,stage4-confirmed-path-parameters-v1,F1023_V70_D0122_P1__G24__ch7__nav_sage_v2__ingestion_20260825_event_path_v1__event_1362,F1023_V70_D0122_P1__G24__ch7__nav_sage_v2__ingestion_20260825_event_path_v1,F1023_V70_D0122_P1,G24,1362,2026-01-22T08:22:57.220Z,Urban,street environment,urban street,69,HIGH,1,1,1,1,0.12,0.12,0.12,1.17302052786e-07,35.1662707331,7.99281727761,7.99281727761,0,7.99281727761,-10.8109650343,-10.8109650343,-10.8109650343,complete
parameters_20260825_stage4_path_v1,stage4-confirmed-path-parameters-v1,F1023_V70_D0122_P1__G24__ch7__nav_sage_v2__ingestion_20260825_event_path_v1__event_932,F1023_V70_D0122_P1__G24__ch7__nav_sage_v2__ingestion_20260825_event_path_v1,F1023_V70_D0122_P1,G24,932,2026-01-22T08:22:48.620Z,Urban,street environment,urban street,69,HIGH,1,1,1,1,0.15,0.15,0.15,1.46627565982e-07,43.9578384164,-32.4240860285,-32.4240860285,0,-32.4240860285,-18.2565229313,-18.2565229313,-18.2565229313,complete
parameters_20260825_stage4_path_v1,stage4-confirmed-path-parameters-v1,F1023_V70_D0122_P2__G12__ch2__nav_sage_v2__ingestion_20260825_event_path_v1__event_471,F1023_V70_D0122_P2__G12__ch2__nav_sage_v2__ingestion_20260825_event_path_v1,F1023_V70_D0122_P2,G12,471,2026-01-22T08:31:15.400Z,Special Reflective,"railway, communication tower and vegetation",urban road near railway,,,1,0,1,0,0.17,0.17,0.17,1.66177908113e-07,49.8188835386,-53.5240561399,-53.5240561399,0,-53.5240561399,-11.0955211906,-11.0955211906,-11.0955211906,complete
parameters_20260825_stage4_path_v1,stage4-confirmed-path-parameters-v1,F1023_V70_D0122_P2__G12__ch2__nav_sage_v2__ingestion_20260825_event_path_v1__event_535,F1023_V70_D0122_P2__G12__ch2__nav_sage_v2__ingestion_20260825_event_path_v1,F1023_V70_D0122_P2,G12,535,2026-01-22T08:31:16.680Z,Special Reflective,"railway, communication tower and vegetation",urban road near railway,,,1,0,1,0,0.12,0.12,0.12,1.17302052786e-07,35.1662707331,-51.8906474787,-51.8906474787,0,-51.8906474787,-4.73108619448,-4.73108619448,-4.73108619448,complete
parameters_20260825_stage4_path_v1,stage4-confirmed-path-parameters-v1,F1023_V70_D0122_P2__G12__ch2__nav_sage_v2__ingestion_20260825_event_path_v1__event_594,F1023_V70_D0122_P2__G12__ch2__nav_sage_v2__ingestion_20260825_event_path_v1,F1023_V70_D0122_P2,G12,594,2026-01-22T08:31:17.860Z,Special Reflective,"railway, communication tower and vegetation",urban road near railway,,,1,0,1,0,0.16,0.16,0.16,1.56402737048e-07,46.8883609775,-28.9847902677,-28.9847902677,0,-28.9847902677,-7.47280682106,-7.47280682106,-7.47280682106,complete
parameters_20260825_stage4_path_v1,stage4-confirmed-path-parameters-v1,F1023_V70_D0122_P2__G12__ch2__nav_sage_v2__ingestion_20260825_event_path_v1__event_595,F1023_V70_D0122_P2__G12__ch2__nav_sage_v2__ingestion_20260825_event_path_v1,F1023_V70_D0122_P2,G12,595,2026-01-22T08:31:17.880Z,Special Reflective,"railway, communication tower and vegetation",urban road near railway,,,1,0,1,0,0.16,0.16,0.16,1.56402737048e-07,46.8883609775,-43.6009040874,-43.6009040874,0,-43.6009040874,-11.536495873,-11.536495873,-11.536495873,complete
parameters_20260825_stage4_path_v1,stage4-confirmed-path-parameters-v1,F1023_V70_D0122_P2__G12__ch2__nav_sage_v2__ingestion_20260825_event_path_v1__event_653,F1023_V70_D0122_P2__G12__ch2__nav_sage_v2__ingestion_20260825_event_path_v1,F1023_V70_D0122_P2,G12,653,2026-01-22T08:31:19.040Z,Special Reflective,"railway, communication tower and vegetation",urban road near railway,,,1,0,2,0,0.21,0.16,0.16,2.05278592375e-07,61.540973783,-49.0253416242,25.9746583758,75,-11.5253416242,-10.0979841764,-1.75822717677,-5.9281056766,complete
parameters_20260825_stage4_path_v1,stage4-confirmed-path-parameters-v1,F1023_V70_D0122_P2__G12__ch2__nav_sage_v2__ingestion_20260825_event_path_v1__event_694,F1023_V70_D0122_P2__G12__ch2__nav_sage_v2__ingestion_20260825_event_path_v1,F1023_V70_D0122_P2,G12,694,2026-01-22T08:31:19.860Z,Special Reflective,"railway, communication tower and vegetation",urban road near railway,,,1,0,2,0,0.2,0.15,0.15,1.9550342131e-07,58.6104512219,-47.8038993946,27.1961006054,75,-10.3038993946,-11.5401335503,-9.31424787473,-10.4271907125,complete
parameters_20260825_stage4_path_v1,stage4-confirmed-path-parameters-v1,F1023_V70_D0122_P2__G12__ch2__nav_sage_v2__ingestion_20260825_event_path_v1__event_848,F1023_V70_D0122_P2__G12__ch2__nav_sage_v2__ingestion_20260825_event_path_v1,F1023_V70_D0122_P2,G12,848,2026-01-22T08:31:22.940Z,Special Reflective,"railway, communication tower and vegetation",urban road near railway,,,1,0,1,0,0.15,0.15,0.15,1.46627565982e-07,43.9578384164,-30.7569022476,-30.7569022476,0,-30.7569022476,-9.36385753881,-9.36385753881,-9.36385753881,complete
parameters_20260825_stage4_path_v1,stage4-confirmed-path-parameters-v1,F1023_V70_D0122_P2__G23__ch10__nav_sage_v2__ingestion_20260825_event_path_v1__event_1071,F1023_V70_D0122_P2__G23__ch10__nav_sage_v2__ingestion_20260825_event_path_v1,F1023_V70_D0122_P2,G23,1071,2026-01-22T08:31:21.400Z,Special Reflective,"railway, communication tower and vegetation",urban road near railway,23,LOW,1,1,1,1,0.24,0.24,0.24,2.34604105572e-07,70.3325414663,-62.5005045314,-62.5005045314,0,-62.5005045314,-3.20661635132,-3.20661635132,-3.20661635132,complete
parameters_20260825_stage4_path_v1,stage4-confirmed-path-parameters-v1,F1023_V70_D0122_P2__G23__ch10__nav_sage_v2__ingestion_20260825_event_path_v1__event_2143,F1023_V70_D0122_P2__G23__ch10__nav_sage_v2__ingestion_20260825_event_path_v1,F1023_V70_D0122_P2,G23,2143,2026-01-22T08:32:12.880Z,Special Reflective,"railway, communication tower and vegetation",urban road near railway,23,LOW,1,1,1,1,0.13,0.13,0.13,1.27077223851e-07,38.0967932942,0.412962794995,0.412962794995,0,0.412962794995,-4.01871024037,-4.01871024037,-4.01871024037,complete
parameters_20260825_stage4_path_v1,stage4-confirmed-path-parameters-v1,F1023_V70_D0122_P2__G23__ch10__nav_sage_v2__ingestion_20260825_event_path_v1__event_877,F1023_V70_D0122_P2__G23__ch10__nav_sage_v2__ingestion_20260825_event_path_v1,F1023_V70_D0122_P2,G23,877,2026-01-22T08:31:17.520Z,Special Reflective,"railway, communication tower and vegetation",urban road near railway,23,LOW,1,1,1,1,0.1,0.1,0.1,9.77517106549e-08,29.3052256109,-35.5108553255,-35.5108553255,0,-35.5108553255,-8.91496196205,-8.91496196205,-8.91496196205,complete
parameters_20260825_stage4_path_v1,stage4-confirmed-path-parameters-v1,F1023_V70_D0122_P2__G23__ch10__nav_sage_v2__ingestion_20260825_event_path_v1__event_878,F1023_V70_D0122_P2__G23__ch10__nav_sage_v2__ingestion_20260825_event_path_v1,F1023_V70_D0122_P2,G23,878,2026-01-22T08:31:17.540Z,Special Reflective,"railway, communication tower and vegetation",urban road near railway,23,LOW,1,1,1,1,0.1,0.1,0.1,9.77517106549e-08,29.3052256109,-40.1269691463,-40.1269691463,0,-40.1269691463,-12.0687041174,-12.0687041174,-12.0687041174,complete
parameters_20260825_stage4_path_v1,stage4-confirmed-path-parameters-v1,F1023_V70_D0122_P2__G23__ch10__nav_sage_v2__ingestion_20260825_event_path_v1__event_888,F1023_V70_D0122_P2__G23__ch10__nav_sage_v2__ingestion_20260825_event_path_v1,F1023_V70_D0122_P2,G23,888,2026-01-22T08:31:17.740Z,Special Reflective,"railway, communication tower and vegetation",urban road near railway,23,LOW,1,1,1,1,0.1,0.1,0.1,9.77517106549e-08,29.3052256109,-21.288107347,-21.288107347,0,-21.288107347,-8.08846445976,-8.08846445976,-8.08846445976,complete
parameters_20260825_stage4_path_v1,stage4-confirmed-path-parameters-v1,F1023_V70_D0122_P2__G23__ch10__nav_sage_v2__ingestion_20260825_event_path_v1__event_889,F1023_V70_D0122_P2__G23__ch10__nav_sage_v2__ingestion_20260825_event_path_v1,F1023_V70_D0122_P2,G23,889,2026-01-22T08:31:17.760Z,Special Reflective,"railway, communication tower and vegetation",urban road near railway,23,LOW,1,1,1,1,0.17,0.17,0.17,1.66177908113e-07,49.8188835386,-35.9042211668,-35.9042211668,0,-35.9042211668,-12.7993145087,-12.7993145087,-12.7993145087,complete
parameters_20260825_stage4_path_v1,stage4-confirmed-path-parameters-v1,F1023_V70_D0122_P2__G23__ch10__nav_sage_v2__ingestion_20260825_event_path_v1__event_891,F1023_V70_D0122_P2__G23__ch10__nav_sage_v2__ingestion_20260825_event_path_v1,F1023_V70_D0122_P2,G23,891,2026-01-22T08:31:17.800Z,Special Reflective,"railway, communication tower and vegetation",urban road near railway,23,LOW,1,1,1,1,0.16,0.16,0.16,1.56402737048e-07,46.8883609775,-45.1364488073,-45.1364488073,0,-45.1364488073,-14.5561429263,-14.5561429263,-14.5561429263,complete
parameters_20260825_stage4_path_v1,stage4-confirmed-path-parameters-v1,F1023_V70_D0122_P2__G24__ch3__nav_sage_v2__ingestion_20260825_event_path_v1__event_1493,F1023_V70_D0122_P2__G24__ch3__nav_sage_v2__ingestion_20260825_event_path_v1,F1023_V70_D0122_P2,G24,1493,2026-01-22T08:31:29.840Z,Special Reflective,"railway, communication tower and vegetation",urban road near railway,,,1,0,1,0,0.12,0.12,0.12,1.17302052786e-07,35.1662707331,-38.4817884543,-38.4817884543,0,-38.4817884543,-18.561922086,-18.561922086,-18.561922086,complete
parameters_20260825_stage4_path_v1,stage4-confirmed-path-parameters-v1,F1023_V70_D0122_P2__G24__ch3__nav_sage_v2__ingestion_20260825_event_path_v1__event_2197,F1023_V70_D0122_P2__G24__ch3__nav_sage_v2__ingestion_20260825_event_path_v1,F1023_V70_D0122_P2,G24,2197,2026-01-22T08:31:43.920Z,Special Reflective,"railway, communication tower and vegetation",urban road near railway,,,1,0,1,0,0.16,0.16,0.16,1.56402737048e-07,46.8883609775,-38.7904171608,-38.7904171608,0,-38.7904171608,-13.0362397458,-13.0362397458,-13.0362397458,complete
parameters_20260825_stage4_path_v1,stage4-confirmed-path-parameters-v1,F1023_V70_D0122_P2__G24__ch3__nav_sage_v2__ingestion_20260825_event_path_v1__event_2198,F1023_V70_D0122_P2__G24__ch3__nav_sage_v2__ingestion_20260825_event_path_v1,F1023_V70_D0122_P2,G24,2198,2026-01-22T08:31:43.940Z,Special Reflective,"railway, communication tower and vegetation",urban road near railway,,,1,0,2,0,0.24,0.17,0.17,2.34604105572e-07,70.3325414663,-33.7908555538,36.2091444462,70,1.20914444617,-18.6489637981,-17.3685293796,-18.0087465888,complete
parameters_20260825_stage4_path_v1,stage4-confirmed-path-parameters-v1,F1023_V70_D0122_P2__G24__ch3__nav_sage_v2__ingestion_20260825_event_path_v1__event_2199,F1023_V70_D0122_P2__G24__ch3__nav_sage_v2__ingestion_20260825_event_path_v1,F1023_V70_D0122_P2,G24,2199,2026-01-22T08:31:43.960Z,Special Reflective,"railway, communication tower and vegetation",urban road near railway,,,1,0,1,0,0.11,0.11,0.11,1.0752688172e-07,32.235748172,-8.79129394688,-8.79129394688,0,-8.79129394688,-8.79242917662,-8.79242917662,-8.79242917662,complete
parameters_20260825_stage4_path_v1,stage4-confirmed-path-parameters-v1,F1023_V70_D0122_P2__G24__ch3__nav_sage_v2__ingestion_20260825_event_path_v1__event_3071,F1023_V70_D0122_P2__G24__ch3__nav_sage_v2__ingestion_20260825_event_path_v1,F1023_V70_D0122_P2,G24,3071,2026-01-22T08:32:01.400Z,Special Reflective,"railway, communication tower and vegetation",urban road near railway,74,HIGH,1,1,1,1,0.11,0.11,0.11,1.0752688172e-07,32.235748172,-26.590890813,-26.590890813,0,-26.590890813,-13.6777357721,-13.6777357721,-13.6777357721,complete
parameters_20260825_stage4_path_v1,stage4-confirmed-path-parameters-v1,F1023_V80_D0117_P8__G28__ch6__nav_sage_v2__ingestion_20260825_event_path_v1__event_432,F1023_V80_D0117_P8__G28__ch6__nav_sage_v2__ingestion_20260825_event_path_v1,F1023_V80_D0117_P8,G28,432,2026-01-17T12:40:56.620Z,Highway/Open,open road,open road,50,MID,1,1,1,1,0.11,0.11,0.11,1.0752688172e-07,32.235748172,35.8854807459,35.8854807459,0,35.8854807459,-15.9704869274,-15.9704869274,-15.9704869274,complete
parameters_20260825_stage4_path_v1,stage4-confirmed-path-parameters-v1,F1023_V80_D0117_P8__G28__ch6__nav_sage_v2__ingestion_20260825_event_path_v1__event_433,F1023_V80_D0117_P8__G28__ch6__nav_sage_v2__ingestion_20260825_event_path_v1,F1023_V80_D0117_P8,G28,433,2026-01-17T12:40:56.640Z,Highway/Open,open road,open road,50,MID,1,1,1,1,0.17,0.17,0.17,1.66177908113e-07,49.8188835386,31.0476861742,31.0476861742,0,31.0476861742,-15.4362729205,-15.4362729205,-15.4362729205,complete
parameters_20260825_stage4_path_v1,stage4-confirmed-path-parameters-v1,F1023_V80_D0117_P8__G28__ch6__nav_sage_v2__ingestion_20260825_event_path_v1__event_434,F1023_V80_D0117_P8__G28__ch6__nav_sage_v2__ingestion_20260825_event_path_v1,F1023_V80_D0117_P8,G28,434,2026-01-17T12:40:56.660Z,Highway/Open,open road,open road,50,MID,1,1,1,1,0.11,0.11,0.11,1.0752688172e-07,32.235748172,31.2098916025,31.2098916025,0,31.2098916025,-16.088378962,-16.088378962,-16.088378962,complete
parameters_20260825_stage4_path_v1,stage4-confirmed-path-parameters-v1,F1023_V80_D0117_P8__G29__ch9__nav_sage_v2__ingestion_20260825_event_path_v1__event_733,F1023_V80_D0117_P8__G29__ch9__nav_sage_v2__ingestion_20260825_event_path_v1,F1023_V80_D0117_P8,G29,733,2026-01-17T12:41:02.640Z,Highway/Open,open road,open road,67,HIGH,1,1,1,1,0.1,0.1,0.1,9.77517106549e-08,29.3052256109,15.6611319262,15.6611319262,0,15.6611319262,-12.5906314685,-12.5906314685,-12.5906314685,complete
parameters_20260825_stage4_path_v1,stage4-confirmed-path-parameters-v1,F1023_v90_D0117_P7__G25__ch0__nav_sage_v2__ingestion_20260825_event_path_v1__event_47,F1023_v90_D0117_P7__G25__ch0__nav_sage_v2__ingestion_20260825_event_path_v1,F1023_v90_D0117_P7,G25,47,2026-01-17T12:37:00.920Z,Mountain/Valley,open mountain winding road,open mountain winding road,80,HIGH,1,1,1,1,0.11,0.11,0.11,1.0752688172e-07,32.235748172,9.66430209529,9.66430209529,0,9.66430209529,-10.1780500244,-10.1780500244,-10.1780500244,complete
parameters_20260825_stage4_path_v1,stage4-confirmed-path-parameters-v1,F1023_v90_D0117_P7__G25__ch0__nav_sage_v2__ingestion_20260825_event_path_v1__event_84,F1023_v90_D0117_P7__G25__ch0__nav_sage_v2__ingestion_20260825_event_path_v1,F1023_v90_D0117_P7,G25,84,2026-01-17T12:37:01.660Z,Mountain/Valley,open mountain winding road,open mountain winding road,80,HIGH,1,1,1,1,0.1,0.1,0.1,9.77517106549e-08,29.3052256109,14.6643020953,14.6643020953,0,14.6643020953,-11.4893364497,-11.4893364497,-11.4893364497,complete
parameters_20260825_stage4_path_v1,stage4-confirmed-path-parameters-v1,F1023_v90_D0117_P7__G28__ch4__nav_sage_v2__ingestion_20260825_event_path_v1__event_9,F1023_v90_D0117_P7__G28__ch4__nav_sage_v2__ingestion_20260825_event_path_v1,F1023_v90_D0117_P7,G28,9,2026-01-17T12:37:30.160Z,Mountain/Valley,open mountain winding road,open mountain winding road,49,MID,1,1,1,1,0.11,0.11,0.11,1.0752688172e-07,32.235748172,-5.20234681079,-5.20234681079,0,-5.20234681079,-6.87295082669,-6.87295082669,-6.87295082669,complete
parameters_20260825_stage4_path_v1,stage4-confirmed-path-parameters-v1,F1023_v90_D0117_P7__G32__ch5__nav_sage_v2__ingestion_20260825_event_path_v1__event_148,F1023_v90_D0117_P7__G32__ch5__nav_sage_v2__ingestion_20260825_event_path_v1,F1023_v90_D0117_P7,G32,148,2026-01-17T12:37:02.940Z,Mountain/Valley,open mountain winding road,open mountain winding road,22,LOW,1,1,1,1,0.12,0.12,0.12,1.17302052786e-07,35.1662707331,-7.76908860874,-7.76908860874,0,-7.76908860874,-3.72939563502,-3.72939563502,-3.72939563502,complete
parameters_20260825_stage4_path_v1,stage4-confirmed-path-parameters-v1,F1023_v90_D0117_P7__G32__ch5__nav_sage_v2__ingestion_20260825_event_path_v1__event_149,F1023_v90_D0117_P7__G32__ch5__nav_sage_v2__ingestion_20260825_event_path_v1,F1023_v90_D0117_P7,G32,149,2026-01-17T12:37:02.960Z,Mountain/Valley,open mountain winding road,open mountain winding road,22,LOW,1,1,1,1,0.12,0.12,0.12,1.17302052786e-07,35.1662707331,-2.97563018742,-2.97563018742,0,-2.97563018742,-2.36883826084,-2.36883826084,-2.36883826084,complete
parameters_20260825_stage4_path_v1,stage4-confirmed-path-parameters-v1,F1023_v90_D0117_P7__G32__ch5__nav_sage_v2__ingestion_20260825_event_path_v1__event_150,F1023_v90_D0117_P7__G32__ch5__nav_sage_v2__ingestion_20260825_event_path_v1,F1023_v90_D0117_P7,G32,150,2026-01-17T12:37:02.980Z,Mountain/Valley,open mountain winding road,open mountain winding road,22,LOW,1,1,1,1,0.12,0.12,0.12,1.17302052786e-07,35.1662707331,-8.18217176609,-8.18217176609,0,-8.18217176609,0.036341332758,0.036341332758,0.036341332758,complete
parameters_20260825_stage4_path_v1,stage4-confirmed-path-parameters-v1,F1023_v90_D0117_P7__G32__ch5__nav_sage_v2__ingestion_20260825_event_path_v1__event_1543,F1023_v90_D0117_P7__G32__ch5__nav_sage_v2__ingestion_20260825_event_path_v1,F1023_v90_D0117_P7,G32,1543,2026-01-17T12:37:30.840Z,Mountain/Valley,open mountain winding road,open mountain winding road,22,LOW,1,1,1,1,0.13,0.13,0.13,1.27077223851e-07,38.0967932942,-1.59998155962,-1.59998155962,0,-1.59998155962,1.37990260508,1.37990260508,1.37990260508,complete
