parameter_set_id,parameter_version,event_path_id,event_id,run_id,scene_id,prn,tracking_channel,center_window_id,path_id,estimate_stage,path_role,is_multipath,label_value,event_utc,environment_class,special_condition,road_type,elevation_deg,elevation_band,azimuth_deg,nmea_snr_db_hz,geometry_join_valid,geometry_time_delta_s,environment_modeling_ready,elevation_modeling_ready,excess_delay_samples,excess_delay_chips,excess_delay_s,excess_path_length_m,doppler_offset_hz,relative_doppler_hz,relative_power_db,source_power_field,source_file,source_file_sha256,source_row_number,parameter_source_status
parameters_20260825_stage4_path_v1,stage4-confirmed-path-parameters-v1,F1023_V70_D0117_P4__G25__ch7__nav_sage_v2__ingestion_20260825_event_path_v1__event_347__path_2,F1023_V70_D0117_P4__G25__ch7__nav_sage_v2__ingestion_20260825_event_path_v1__event_347,F1023_V70_D0117_P4__G25__ch7__nav_sage_v2__ingestion_20260825_event_path_v1,F1023_V70_D0117_P4,G25,7,347,2,stage4_joint,multipath,1,confirmed_multipath,2026-01-17T12:18:36.920Z,Mountain/Valley,mountain ascending road,mountain ascending road,83,HIGH,357,49,1,0.06,1,1,1.2,0.12,1.17302052786e-07,35.1662707331,-4.50392352314,-4.50392352314,-8.64239900344,mean_relative_power_db,scenes/F1023_V70_D0117_P4/sage_results/nav_sage_v2/G25/stage4_joint_paths.csv,32da94c676a5edd60b503d517c002ddd46316396d9f0221a6848f0c68070458d,5,complete
parameters_20260825_stage4_path_v1,stage4-confirmed-path-parameters-v1,F1023_V70_D0117_P4__G25__ch7__nav_sage_v2__ingestion_20260825_event_path_v1__event_350__path_2,F1023_V70_D0117_P4__G25__ch7__nav_sage_v2__ingestion_20260825_event_path_v1__event_350,F1023_V70_D0117_P4__G25__ch7__nav_sage_v2__ingestion_20260825_event_path_v1,F1023_V70_D0117_P4,G25,7,350,2,stage4_joint,multipath,1,confirmed_multipath,2026-01-17T12:18:36.980Z,Mountain/Valley,mountain ascending road,mountain ascending road,83,HIGH,357,49,1,0,1,1,1,0.1,9.77517106549e-08,29.3052256109,0.116515775417,0.116515775417,-4.21749227646,mean_relative_power_db,scenes/F1023_V70_D0117_P4/sage_results/nav_sage_v2/G25/stage4_joint_paths.csv,32da94c676a5edd60b503d517c002ddd46316396d9f0221a6848f0c68070458d,7,complete
parameters_20260825_stage4_path_v1,stage4-confirmed-path-parameters-v1,F1023_V70_D0117_P4__G29__ch9__nav_sage_v2__ingestion_20260825_event_path_v1__event_348__path_2,F1023_V70_D0117_P4__G29__ch9__nav_sage_v2__ingestion_20260825_event_path_v1__event_348,F1023_V70_D0117_P4__G29__ch9__nav_sage_v2__ingestion_20260825_event_path_v1,F1023_V70_D0117_P4,G29,9,348,2,stage4_joint,multipath,1,confirmed_multipath,2026-01-17T12:18:36.940Z,Mountain/Valley,mountain ascending road,mountain ascending road,56,MID,207,45,1,0.04,1,1,1.1,0.11,1.0752688172e-07,32.235748172,5.36955624354,5.36955624354,-7.89405842982,mean_relative_power_db,scenes/F1023_V70_D0117_P4/sage_results/nav_sage_v2/G29/stage4_joint_paths.csv,c368bf9b8eb768f46651a3057e954be651706bd9b07781075af5e222838fb52b,7,complete
parameters_20260825_stage4_path_v1,stage4-confirmed-path-parameters-v1,F1023_V70_D0117_P4__G32__ch3__nav_sage_v2__ingestion_20260825_event_path_v1__event_357__path_2,F1023_V70_D0117_P4__G32__ch3__nav_sage_v2__ingestion_20260825_event_path_v1__event_357,F1023_V70_D0117_P4__G32__ch3__nav_sage_v2__ingestion_20260825_event_path_v1,F1023_V70_D0117_P4,G32,3,357,2,stage4_joint,multipath,1,confirmed_multipath,2026-01-17T12:18:37.120Z,Mountain/Valley,mountain ascending road,mountain ascending road,28,LOW,250,46,1,0.14,1,1,1.1,0.11,1.0752688172e-07,32.235748172,-4.05839928035,-4.05839928035,-3.49096986532,mean_relative_power_db,scenes/F1023_V70_D0117_P4/sage_results/nav_sage_v2/G32/stage4_joint_paths.csv,0883cc40f7054f1949c639e0a37524f003693a14a2e7f09e8514d597ec513c0e,6,complete
parameters_20260825_stage4_path_v1,stage4-confirmed-path-parameters-v1,F1023_V70_D0120_P1__G26__ch3__nav_sage_v2__ingestion_20260825_event_path_v1__event_76__path_2,F1023_V70_D0120_P1__G26__ch3__nav_sage_v2__ingestion_20260825_event_path_v1__event_76,F1023_V70_D0120_P1__G26__ch3__nav_sage_v2__ingestion_20260825_event_path_v1,F1023_V70_D0120_P1,G26,3,76,2,stage4_joint,multipath,1,confirmed_multipath,2026-01-20T15:21:19.500Z,Urban,high-rise buildings,urban road,74,HIGH,250,49,1,0.5,1,1,1.1,0.11,1.0752688172e-07,32.235748172,9.66430209529,9.66430209529,-8.1520128176,mean_relative_power_db,scenes/F1023_V70_D0120_P1/sage_results/nav_sage_v2/G26/stage4_joint_paths.csv,d4748cee84f0aafa28bb783b30987ab0aaa47df178f52bb4535f42ad2c52f941,3,complete
parameters_20260825_stage4_path_v1,stage4-confirmed-path-parameters-v1,F1023_V70_D0120_P1__G26__ch3__nav_sage_v2__ingestion_20260825_event_path_v1__event_78__path_2,F1023_V70_D0120_P1__G26__ch3__nav_sage_v2__ingestion_20260825_event_path_v1__event_78,F1023_V70_D0120_P1__G26__ch3__nav_sage_v2__ingestion_20260825_event_path_v1,F1023_V70_D0120_P1,G26,3,78,2,stage4_joint,multipath,1,confirmed_multipath,2026-01-20T15:21:19.540Z,Urban,high-rise buildings,urban road,74,HIGH,250,49,1,0.46,1,1,1.1,0.11,1.0752688172e-07,32.235748172,9.66430209529,9.66430209529,-7.65772309879,mean_relative_power_db,scenes/F1023_V70_D0120_P1/sage_results/nav_sage_v2/G26/stage4_joint_paths.csv,d4748cee84f0aafa28bb783b30987ab0aaa47df178f52bb4535f42ad2c52f941,6,complete
parameters_20260825_stage4_path_v1,stage4-confirmed-path-parameters-v1,F1023_V70_D0120_P1__G29__ch5__nav_sage_v2__ingestion_20260825_event_path_v1__event_1218__path_2,F1023_V70_D0120_P1__G29__ch5__nav_sage_v2__ingestion_20260825_event_path_v1__event_1218,F1023_V70_D0120_P1__G29__ch5__nav_sage_v2__ingestion_20260825_event_path_v1,F1023_V70_D0120_P1,G29,5,1218,2,stage4_joint,multipath,1,confirmed_multipath,2026-01-20T15:21:42.340Z,Urban,high-rise buildings,urban road,34,MID,76,43,1,0.34,1,1,1.1,0.11,1.0752688172e-07,32.235748172,-1.18569544442,-1.18569544442,1.99172158788,mean_relative_power_db,scenes/F1023_V70_D0120_P1/sage_results/nav_sage_v2/G29/stage4_joint_paths.csv,d31578bcfa801d7f7e1877c6fae6985f0faa29d5c11c4ea86810f0461138d503,5,complete
parameters_20260825_stage4_path_v1,stage4-confirmed-path-parameters-v1,F1023_V70_D0120_P1__G29__ch5__nav_sage_v2__ingestion_20260825_event_path_v1__event_2593__path_2,F1023_V70_D0120_P1__G29__ch5__nav_sage_v2__ingestion_20260825_event_path_v1__event_2593,F1023_V70_D0120_P1__G29__ch5__nav_sage_v2__ingestion_20260825_event_path_v1,F1023_V70_D0120_P1,G29,5,2593,2,stage4_joint,multipath,1,confirmed_multipath,2026-01-20T15:22:09.840Z,Urban,high-rise buildings,urban road,33,MID,76,44,1,0.84,1,1,1.1,0.11,1.0752688172e-07,32.235748172,19.6643020953,19.6643020953,-8.37792084097,mean_relative_power_db,scenes/F1023_V70_D0120_P1/sage_results/nav_sage_v2/G29/stage4_joint_paths.csv,d31578bcfa801d7f7e1877c6fae6985f0faa29d5c11c4ea86810f0461138d503,10,complete
parameters_20260825_stage4_path_v1,stage4-confirmed-path-parameters-v1,F1023_V70_D0120_P1__G29__ch5__nav_sage_v2__ingestion_20260825_event_path_v1__event_2594__path_2,F1023_V70_D0120_P1__G29__ch5__nav_sage_v2__ingestion_20260825_event_path_v1__event_2594,F1023_V70_D0120_P1__G29__ch5__nav_sage_v2__ingestion_20260825_event_path_v1,F1023_V70_D0120_P1,G29,5,2594,2,stage4_joint,multipath,1,confirmed_multipath,2026-01-20T15:22:09.860Z,Urban,high-rise buildings,urban road,33,MID,76,44,1,0.86,1,1,1.2,0.12,1.17302052786e-07,35.1662707331,4.66430209529,4.66430209529,-2.10703189943,mean_relative_power_db,scenes/F1023_V70_D0120_P1/sage_results/nav_sage_v2/G29/stage4_joint_paths.csv,d31578bcfa801d7f7e1877c6fae6985f0faa29d5c11c4ea86810f0461138d503,12,complete
parameters_20260825_stage4_path_v1,stage4-confirmed-path-parameters-v1,F1023_V70_D0120_P1__G31__ch9__nav_sage_v2__ingestion_20260825_event_path_v1__event_784__path_2,F1023_V70_D0120_P1__G31__ch9__nav_sage_v2__ingestion_20260825_event_path_v1__event_784,F1023_V70_D0120_P1__G31__ch9__nav_sage_v2__ingestion_20260825_event_path_v1,F1023_V70_D0120_P1,G31,9,784,2,stage4_joint,multipath,1,confirmed_multipath,2026-01-20T15:22:03.660Z,Urban,high-rise buildings,urban road,34,MID,228,44,1,0.34,1,1,1,0.1,9.77517106549e-08,29.3052256109,12.8859841776,12.8859841776,-10.2137455218,mean_relative_power_db,scenes/F1023_V70_D0120_P1/sage_results/nav_sage_v2/G31/stage4_joint_paths.csv,57b0b3f41bd22841b1ec64efd86131f463021a2ca6970b72c2e01132f154d055,5,complete
parameters_20260825_stage4_path_v1,stage4-confirmed-path-parameters-v1,F1023_V70_D0120_P1__G31__ch9__nav_sage_v2__ingestion_20260825_event_path_v1__event_469__path_2,F1023_V70_D0120_P1__G31__ch9__nav_sage_v2__ingestion_20260825_event_path_v1__event_469,F1023_V70_D0120_P1__G31__ch9__nav_sage_v2__ingestion_20260825_event_path_v1,F1023_V70_D0120_P1,G31,9,469,2,stage4_joint,multipath,1,confirmed_multipath,2026-01-20T15:21:57.360Z,Urban,high-rise buildings,urban road,34,MID,228,44,1,0.36,1,1,1.7,0.17,1.66177908113e-07,49.8188835386,-21.311063597,-21.311063597,-6.12322208384,mean_relative_power_db,scenes/F1023_V70_D0120_P1/sage_results/nav_sage_v2/G31/stage4_joint_paths.csv,57b0b3f41bd22841b1ec64efd86131f463021a2ca6970b72c2e01132f154d055,9,complete
parameters_20260825_stage4_path_v1,stage4-confirmed-path-parameters-v1,F1023_V70_D0120_P1__G31__ch9__nav_sage_v2__ingestion_20260825_event_path_v1__event_471__path_2,F1023_V70_D0120_P1__G31__ch9__nav_sage_v2__ingestion_20260825_event_path_v1__event_471,F1023_V70_D0120_P1__G31__ch9__nav_sage_v2__ingestion_20260825_event_path_v1,F1023_V70_D0120_P1,G31,9,471,2,stage4_joint,multipath,1,confirmed_multipath,2026-01-20T15:21:57.400Z,Urban,high-rise buildings,urban road,34,MID,228,44,1,0.4,1,1,1.7,0.17,1.66177908113e-07,49.8188835386,-17.1372299111,-17.1372299111,-4.88615542102,mean_relative_power_db,scenes/F1023_V70_D0120_P1/sage_results/nav_sage_v2/G31/stage4_joint_paths.csv,57b0b3f41bd22841b1ec64efd86131f463021a2ca6970b72c2e01132f154d055,11,complete
parameters_20260825_stage4_path_v1,stage4-confirmed-path-parameters-v1,F1023_V70_D0120_P1__G31__ch9__nav_sage_v2__ingestion_20260825_event_path_v1__event_594__path_2,F1023_V70_D0120_P1__G31__ch9__nav_sage_v2__ingestion_20260825_event_path_v1__event_594,F1023_V70_D0120_P1__G31__ch9__nav_sage_v2__ingestion_20260825_event_path_v1,F1023_V70_D0120_P1,G31,9,594,2,stage4_joint,multipath,1,confirmed_multipath,2026-01-20T15:21:59.860Z,Urban,high-rise buildings,urban road,34,MID,228,42,1,0.14,1,1,1.2,0.12,1.17302052786e-07,35.1662707331,-31.0233485932,-31.0233485932,-6.06877775185,mean_relative_power_db,scenes/F1023_V70_D0120_P1/sage_results/nav_sage_v2/G31/stage4_joint_paths.csv,57b0b3f41bd22841b1ec64efd86131f463021a2ca6970b72c2e01132f154d055,13,complete
parameters_20260825_stage4_path_v1,stage4-confirmed-path-parameters-v1,F1023_V70_D0120_P5__G18__ch2__nav_sage_v2__ingestion_20260825_event_path_v1__event_874__path_2,F1023_V70_D0120_P5__G18__ch2__nav_sage_v2__ingestion_20260825_event_path_v1__event_874,F1023_V70_D0120_P5__G18__ch2__nav_sage_v2__ingestion_20260825_event_path_v1,F1023_V70_D0120_P5,G18,2,874,2,stage4_joint,multipath,1,confirmed_multipath,2026-01-20T15:27:35.460Z,Urban,low-rise residential area,urban residential road,73,HIGH,136,48,1,0.47,1,1,1,0.1,9.77517106549e-08,29.3052256109,9.66430209529,9.66430209529,-7.85419886107,mean_relative_power_db,scenes/F1023_V70_D0120_P5/sage_results/nav_sage_v2/G18/stage4_joint_paths.csv,d85483af3f5285ef6778decb83bcde4e823fba401f872e7ba8a49edef43b0e1f,6,complete
parameters_20260825_stage4_path_v1,stage4-confirmed-path-parameters-v1,F1023_V70_D0120_P5__G26__ch7__nav_sage_v2__ingestion_20260825_event_path_v1__event_124__path_2,F1023_V70_D0120_P5__G26__ch7__nav_sage_v2__ingestion_20260825_event_path_v1__event_124,F1023_V70_D0120_P5__G26__ch7__nav_sage_v2__ingestion_20260825_event_path_v1,F1023_V70_D0120_P5,G26,7,124,2,stage4_joint,multipath,1,confirmed_multipath,2026-01-20T15:27:20.460Z,Urban,low-rise residential area,urban residential road,,,,,0,10.53,1,0,1.1,0.11,1.0752688172e-07,32.235748172,9.66430209529,9.66430209529,-12.5674704012,mean_relative_power_db,scenes/F1023_V70_D0120_P5/sage_results/nav_sage_v2/G26/stage4_joint_paths.csv,855c49eedcfd007ecd064215674789f2bfb41bb556e292d5c608d621bca23bc8,6,complete
parameters_20260825_stage4_path_v1,stage4-confirmed-path-parameters-v1,F1023_V70_D0120_P5__G26__ch7__nav_sage_v2__ingestion_20260825_event_path_v1__event_286__path_2,F1023_V70_D0120_P5__G26__ch7__nav_sage_v2__ingestion_20260825_event_path_v1__event_286,F1023_V70_D0120_P5__G26__ch7__nav_sage_v2__ingestion_20260825_event_path_v1,F1023_V70_D0120_P5,G26,7,286,2,stage4_joint,multipath,1,confirmed_multipath,2026-01-20T15:27:23.700Z,Urban,low-rise residential area,urban residential road,,,,,0,7.29,1,0,1.1,0.11,1.0752688172e-07,32.235748172,-5.33569790471,-5.33569790471,-6.03250890184,mean_relative_power_db,scenes/F1023_V70_D0120_P5/sage_results/nav_sage_v2/G26/stage4_joint_paths.csv,855c49eedcfd007ecd064215674789f2bfb41bb556e292d5c608d621bca23bc8,11,complete
parameters_20260825_stage4_path_v1,stage4-confirmed-path-parameters-v1,F1023_V70_D0120_P7__G18__ch4__nav_sage_v2__ingestion_20260825_event_path_v1__event_84__path_2,F1023_V70_D0120_P7__G18__ch4__nav_sage_v2__ingestion_20260825_event_path_v1__event_84,F1023_V70_D0120_P7__G18__ch4__nav_sage_v2__ingestion_20260825_event_path_v1,F1023_V70_D0120_P7,G18,4,84,2,stage4_joint,multipath,1,confirmed_multipath,2026-01-20T15:31:55.660Z,Urban,tram infrastructure and moving tram,urban tram road,74,HIGH,129,48,1,0.33,1,1,1,0.1,9.77517106549e-08,29.3052256109,-5.33569790471,-5.33569790471,-6.63445699394,mean_relative_power_db,scenes/F1023_V70_D0120_P7/sage_results/nav_sage_v2/G18/stage4_joint_paths.csv,b0091149a459357d0b10f82191dfaeac1b495b843a88aaa9104c525bf82d28e4,6,complete
parameters_20260825_stage4_path_v1,stage4-confirmed-path-parameters-v1,F1023_V70_D0120_P7__G18__ch4__nav_sage_v2__ingestion_20260825_event_path_v1__event_417__path_2,F1023_V70_D0120_P7__G18__ch4__nav_sage_v2__ingestion_20260825_event_path_v1__event_417,F1023_V70_D0120_P7__G18__ch4__nav_sage_v2__ingestion_20260825_event_path_v1,F1023_V70_D0120_P7,G18,4,417,2,stage4_joint,multipath,1,confirmed_multipath,2026-01-20T15:32:02.320Z,Urban,tram infrastructure and moving tram,urban tram road,74,HIGH,129,50,1,0.33,1,1,1,0.1,9.77517106549e-08,29.3052256109,-5.38479989099,-5.38479989099,-4.73078763184,mean_relative_power_db,scenes/F1023_V70_D0120_P7/sage_results/nav_sage_v2/G18/stage4_joint_paths.csv,b0091149a459357d0b10f82191dfaeac1b495b843a88aaa9104c525bf82d28e4,9,complete
parameters_20260825_stage4_path_v1,stage4-confirmed-path-parameters-v1,F1023_V70_D0120_P7__G31__ch8__nav_sage_v2__ingestion_20260825_event_path_v1__event_74__path_2,F1023_V70_D0120_P7__G31__ch8__nav_sage_v2__ingestion_20260825_event_path_v1__event_74,F1023_V70_D0120_P7__G31__ch8__nav_sage_v2__ingestion_20260825_event_path_v1,F1023_V70_D0120_P7,G31,8,74,2,stage4_joint,multipath,1,confirmed_multipath,2026-01-20T15:31:55.460Z,Urban,tram infrastructure and moving tram,urban tram road,30,MID,225,46,1,0.53,1,1,1.5,0.15,1.46627565982e-07,43.9578384164,-15.3356979047,-15.3356979047,-10.6563797918,mean_relative_power_db,scenes/F1023_V70_D0120_P7/sage_results/nav_sage_v2/G31/stage4_joint_paths.csv,6919625976b9d1027b5c91563fddee29c80a891508960a5b09efe8a11ee9cbfb,3,complete
parameters_20260825_stage4_path_v1,stage4-confirmed-path-parameters-v1,F1023_V70_D0120_P7__G31__ch8__nav_sage_v2__ingestion_20260825_event_path_v1__event_75__path_2,F1023_V70_D0120_P7__G31__ch8__nav_sage_v2__ingestion_20260825_event_path_v1__event_75,F1023_V70_D0120_P7__G31__ch8__nav_sage_v2__ingestion_20260825_event_path_v1,F1023_V70_D0120_P7,G31,8,75,2,stage4_joint,multipath,1,confirmed_multipath,2026-01-20T15:31:55.480Z,Urban,tram infrastructure and moving tram,urban tram road,30,MID,225,46,1,0.51,1,1,3.5,0.35,3.42130987292e-07,102.568289638,-10.3356979047,-10.3356979047,-13.7590184841,mean_relative_power_db,scenes/F1023_V70_D0120_P7/sage_results/nav_sage_v2/G31/stage4_joint_paths.csv,6919625976b9d1027b5c91563fddee29c80a891508960a5b09efe8a11ee9cbfb,5,complete
parameters_20260825_stage4_path_v1,stage4-confirmed-path-parameters-v1,F1023_V70_D0120_P7__G31__ch8__nav_sage_v2__ingestion_20260825_event_path_v1__event_76__path_2,F1023_V70_D0120_P7__G31__ch8__nav_sage_v2__ingestion_20260825_event_path_v1__event_76,F1023_V70_D0120_P7__G31__ch8__nav_sage_v2__ingestion_20260825_event_path_v1,F1023_V70_D0120_P7,G31,8,76,2,stage4_joint,multipath,1,confirmed_multipath,2026-01-20T15:31:55.500Z,Urban,tram infrastructure and moving tram,urban tram road,30,MID,225,46,1,0.49,1,1,1.1,0.11,1.0752688172e-07,32.235748172,-15.3356979047,-15.3356979047,-5.42357074079,mean_relative_power_db,scenes/F1023_V70_D0120_P7/sage_results/nav_sage_v2/G31/stage4_joint_paths.csv,6919625976b9d1027b5c91563fddee29c80a891508960a5b09efe8a11ee9cbfb,8,complete
parameters_20260825_stage4_path_v1,stage4-confirmed-path-parameters-v1,F1023_V70_D0120_P7__G31__ch8__nav_sage_v2__ingestion_20260825_event_path_v1__event_2093__path_2,F1023_V70_D0120_P7__G31__ch8__nav_sage_v2__ingestion_20260825_event_path_v1__event_2093,F1023_V70_D0120_P7__G31__ch8__nav_sage_v2__ingestion_20260825_event_path_v1,F1023_V70_D0120_P7,G31,8,2093,2,stage4_joint,multipath,1,confirmed_multipath,2026-01-20T15:32:35.840Z,Urban,tram infrastructure and moving tram,urban tram road,30,MID,224,36,1,0.15,1,1,1.9,0.19,1.85728250244e-07,55.6799286608,-2.06020001075,-2.06020001075,-0.971023214366,mean_relative_power_db,scenes/F1023_V70_D0120_P7/sage_results/nav_sage_v2/G31/stage4_joint_paths.csv,6919625976b9d1027b5c91563fddee29c80a891508960a5b09efe8a11ee9cbfb,10,complete
parameters_20260825_stage4_path_v1,stage4-confirmed-path-parameters-v1,F1023_V70_D0120_P7__G31__ch8__nav_sage_v2__ingestion_20260825_event_path_v1__event_432__path_2,F1023_V70_D0120_P7__G31__ch8__nav_sage_v2__ingestion_20260825_event_path_v1__event_432,F1023_V70_D0120_P7__G31__ch8__nav_sage_v2__ingestion_20260825_event_path_v1,F1023_V70_D0120_P7,G31,8,432,2,stage4_joint,multipath,1,confirmed_multipath,2026-01-20T15:32:02.620Z,Urban,tram infrastructure and moving tram,urban tram road,30,MID,225,47,1,0.37,1,1,1.1,0.11,1.0752688172e-07,32.235748172,-17.3515583851,-17.3515583851,-7.75194332455,mean_relative_power_db,scenes/F1023_V70_D0120_P7/sage_results/nav_sage_v2/G31/stage4_joint_paths.csv,6919625976b9d1027b5c91563fddee29c80a891508960a5b09efe8a11ee9cbfb,12,complete
parameters_20260825_stage4_path_v1,stage4-confirmed-path-parameters-v1,F1023_V70_D0120_P8__G18__ch9__nav_sage_v2__ingestion_20260825_event_path_v1__event_848__path_2,F1023_V70_D0120_P8__G18__ch9__nav_sage_v2__ingestion_20260825_event_path_v1__event_848,F1023_V70_D0120_P8__G18__ch9__nav_sage_v2__ingestion_20260825_event_path_v1,F1023_V70_D0120_P8,G18,9,848,2,stage4_joint,multipath,1,confirmed_multipath,2026-01-20T15:34:10.940Z,Urban,general urban road,urban road,74,HIGH,125,46,1,0.05,1,1,1.1,0.11,1.0752688172e-07,32.235748172,6.70293056612,6.70293056612,-6.56397575035,mean_relative_power_db,scenes/F1023_V70_D0120_P8/sage_results/nav_sage_v2/G18/stage4_joint_paths.csv,4bed5efd8efd9bc64e8daab002503be65dc8eadc3ca515e86aa786735b79f63f,9,complete
parameters_20260825_stage4_path_v1,stage4-confirmed-path-parameters-v1,F1023_V70_D0120_P8__G26__ch3__nav_sage_v2__ingestion_20260825_event_path_v1__event_299__path_2,F1023_V70_D0120_P8__G26__ch3__nav_sage_v2__ingestion_20260825_event_path_v1__event_299,F1023_V70_D0120_P8__G26__ch3__nav_sage_v2__ingestion_20260825_event_path_v1,F1023_V70_D0120_P8,G26,3,299,2,stage4_joint,multipath,1,confirmed_multipath,2026-01-20T15:33:59.960Z,Urban,general urban road,urban road,74,HIGH,229,47,1,1.03,1,1,1.1,0.11,1.0752688172e-07,32.235748172,14.6643020953,14.6643020953,-6.99000181937,mean_relative_power_db,scenes/F1023_V70_D0120_P8/sage_results/nav_sage_v2/G26/stage4_joint_paths.csv,8e1090a0d2201a463f4a481c05f7086fb9c32a6774b8eafd77788247be5f76f1,4,complete
parameters_20260825_stage4_path_v1,stage4-confirmed-path-parameters-v1,F1023_V70_D0120_P9__G16__ch9__nav_sage_v2__ingestion_20260825_event_path_v1__event_2565__path_2,F1023_V70_D0120_P9__G16__ch9__nav_sage_v2__ingestion_20260825_event_path_v1__event_2565,F1023_V70_D0120_P9__G16__ch9__nav_sage_v2__ingestion_20260825_event_path_v1,F1023_V70_D0120_P9,G16,9,2565,2,stage4_joint,multipath,1,confirmed_multipath,2026-01-20T15:36:21.280Z,Special Reflective,bridge over wide water surface,bridge over water,51,MID,299,44,1,0.28,1,1,1,0.1,9.77517106549e-08,29.3052256109,-0.335697904715,-0.335697904715,-6.99350764374,mean_relative_power_db,scenes/F1023_V70_D0120_P9/sage_results/nav_sage_v2/G16/stage4_joint_paths.csv,36671032256780cc40ce54373e77b7a348bf6fb4dd4efea4b9ad9f37064f172e,4,complete
parameters_20260825_stage4_path_v1,stage4-confirmed-path-parameters-v1,F1023_V70_D0120_P9__G26__ch6__nav_sage_v2__ingestion_20260825_event_path_v1__event_2285__path_2,F1023_V70_D0120_P9__G26__ch6__nav_sage_v2__ingestion_20260825_event_path_v1__event_2285,F1023_V70_D0120_P9__G26__ch6__nav_sage_v2__ingestion_20260825_event_path_v1,F1023_V70_D0120_P9,G26,6,2285,2,stage4_joint,multipath,1,confirmed_multipath,2026-01-20T15:36:15.680Z,Special Reflective,bridge over wide water surface,bridge over water,73,HIGH,225,49,1,0.32,1,1,1.8,0.18,1.75953079179e-07,52.7494060997,-29.454645324,-29.454645324,-19.5143035547,mean_relative_power_db,scenes/F1023_V70_D0120_P9/sage_results/nav_sage_v2/G26/stage4_joint_paths.csv,543c95e93a88fedaf273fe7d9725396816e5cbbf7212346528bdc9412714698e,8,complete
parameters_20260825_stage4_path_v1,stage4-confirmed-path-parameters-v1,F1023_V70_D0120_P9__G27__ch5__nav_sage_v2__ingestion_20260825_event_path_v1__event_823__path_2,F1023_V70_D0120_P9__G27__ch5__nav_sage_v2__ingestion_20260825_event_path_v1__event_823,F1023_V70_D0120_P9__G27__ch5__nav_sage_v2__ingestion_20260825_event_path_v1,F1023_V70_D0120_P9,G27,5,823,2,stage4_joint,multipath,1,confirmed_multipath,2026-01-20T15:36:16.440Z,Special Reflective,bridge over wide water surface,bridge over water,22,LOW,271,38,1,0.44,1,1,2.7,0.27,2.63929618768e-07,79.1241091496,61.1312042917,61.1312042917,-5.90480848254,mean_relative_power_db,scenes/F1023_V70_D0120_P9/sage_results/nav_sage_v2/G27/stage4_joint_paths.csv,02d2f4ab9ac1ba89a19e5163bbc7448e4d793fc9db8d953721a0ef50322bfbaa,3,complete
parameters_20260825_stage4_path_v1,stage4-confirmed-path-parameters-v1,F1023_V70_D0120_P9__G27__ch5__nav_sage_v2__ingestion_20260825_event_path_v1__event_822__path_2,F1023_V70_D0120_P9__G27__ch5__nav_sage_v2__ingestion_20260825_event_path_v1__event_822,F1023_V70_D0120_P9__G27__ch5__nav_sage_v2__ingestion_20260825_event_path_v1,F1023_V70_D0120_P9,G27,5,822,2,stage4_joint,multipath,1,confirmed_multipath,2026-01-20T15:36:16.420Z,Special Reflective,bridge over wide water surface,bridge over water,22,LOW,271,38,1,0.42,1,1,2.6,0.26,2.54154447703e-07,76.1935865885,60.9873821455,60.9873821455,-6.55295075544,mean_relative_power_db,scenes/F1023_V70_D0120_P9/sage_results/nav_sage_v2/G27/stage4_joint_paths.csv,02d2f4ab9ac1ba89a19e5163bbc7448e4d793fc9db8d953721a0ef50322bfbaa,5,complete
parameters_20260825_stage4_path_v1,stage4-confirmed-path-parameters-v1,F1023_V70_D0120_P9__G27__ch5__nav_sage_v2__ingestion_20260825_event_path_v1__event_845__path_2,F1023_V70_D0120_P9__G27__ch5__nav_sage_v2__ingestion_20260825_event_path_v1__event_845,F1023_V70_D0120_P9__G27__ch5__nav_sage_v2__ingestion_20260825_event_path_v1,F1023_V70_D0120_P9,G27,5,845,2,stage4_joint,multipath,1,confirmed_multipath,2026-01-20T15:36:16.880Z,Special Reflective,bridge over wide water surface,bridge over water,22,LOW,271,36,1,0.12,1,1,2.6,0.26,2.54154447703e-07,76.1935865885,54.2952915097,54.2952915097,-2.29558115603,mean_relative_power_db,scenes/F1023_V70_D0120_P9/sage_results/nav_sage_v2/G27/stage4_joint_paths.csv,02d2f4ab9ac1ba89a19e5163bbc7448e4d793fc9db8d953721a0ef50322bfbaa,7,complete
parameters_20260825_stage4_path_v1,stage4-confirmed-path-parameters-v1,F1023_V70_D0120_P9__G27__ch5__nav_sage_v2__ingestion_20260825_event_path_v1__event_846__path_2,F1023_V70_D0120_P9__G27__ch5__nav_sage_v2__ingestion_20260825_event_path_v1__event_846,F1023_V70_D0120_P9__G27__ch5__nav_sage_v2__ingestion_20260825_event_path_v1,F1023_V70_D0120_P9,G27,5,846,2,stage4_joint,multipath,1,confirmed_multipath,2026-01-20T15:36:16.900Z,Special Reflective,bridge over wide water surface,bridge over water,22,LOW,271,36,1,0.1,1,1,2.6,0.26,2.54154447703e-07,76.1935865885,59.4391136559,59.4391136559,-2.79065278139,mean_relative_power_db,scenes/F1023_V70_D0120_P9/sage_results/nav_sage_v2/G27/stage4_joint_paths.csv,02d2f4ab9ac1ba89a19e5163bbc7448e4d793fc9db8d953721a0ef50322bfbaa,9,complete
parameters_20260825_stage4_path_v1,stage4-confirmed-path-parameters-v1,F1023_V70_D0120_P9__G27__ch5__nav_sage_v2__ingestion_20260825_event_path_v1__event_847__path_2,F1023_V70_D0120_P9__G27__ch5__nav_sage_v2__ingestion_20260825_event_path_v1__event_847,F1023_V70_D0120_P9__G27__ch5__nav_sage_v2__ingestion_20260825_event_path_v1,F1023_V70_D0120_P9,G27,5,847,2,stage4_joint,multipath,1,confirmed_multipath,2026-01-20T15:36:16.920Z,Special Reflective,bridge over wide water surface,bridge over water,22,LOW,271,36,1,0.08,1,1,2.7,0.27,2.63929618768e-07,79.1241091496,59.5829358023,59.5829358023,-3.18327858084,mean_relative_power_db,scenes/F1023_V70_D0120_P9/sage_results/nav_sage_v2/G27/stage4_joint_paths.csv,02d2f4ab9ac1ba89a19e5163bbc7448e4d793fc9db8d953721a0ef50322bfbaa,11,complete
parameters_20260825_stage4_path_v1,stage4-confirmed-path-parameters-v1,F1023_V70_D0120_P9__G27__ch5__nav_sage_v2__ingestion_20260825_event_path_v1__event_755__path_2,F1023_V70_D0120_P9__G27__ch5__nav_sage_v2__ingestion_20260825_event_path_v1__event_755,F1023_V70_D0120_P9__G27__ch5__nav_sage_v2__ingestion_20260825_event_path_v1,F1023_V70_D0120_P9,G27,5,755,2,stage4_joint,multipath,1,confirmed_multipath,2026-01-20T15:36:15.080Z,Special Reflective,bridge over wide water surface,bridge over water,22,LOW,271,41,1,0.08,1,1,3.3,0.33,3.22580645161e-07,96.7072445161,54.7545501803,54.7545501803,-3.66764242119,mean_relative_power_db,scenes/F1023_V70_D0120_P9/sage_results/nav_sage_v2/G27/stage4_joint_paths.csv,02d2f4ab9ac1ba89a19e5163bbc7448e4d793fc9db8d953721a0ef50322bfbaa,13,complete
parameters_20260825_stage4_path_v1,stage4-confirmed-path-parameters-v1,F1023_V70_D0120_P9__G27__ch5__nav_sage_v2__ingestion_20260825_event_path_v1__event_757__path_2,F1023_V70_D0120_P9__G27__ch5__nav_sage_v2__ingestion_20260825_event_path_v1__event_757,F1023_V70_D0120_P9__G27__ch5__nav_sage_v2__ingestion_20260825_event_path_v1,F1023_V70_D0120_P9,G27,5,757,2,stage4_joint,multipath,1,confirmed_multipath,2026-01-20T15:36:15.120Z,Special Reflective,bridge over wide water surface,bridge over water,22,LOW,271,41,1,0.12,1,1,3.2,0.32,3.12805474096e-07,93.776721955,58.8072704798,58.8072704798,-5.19406710916,mean_relative_power_db,scenes/F1023_V70_D0120_P9/sage_results/nav_sage_v2/G27/stage4_joint_paths.csv,02d2f4ab9ac1ba89a19e5163bbc7448e4d793fc9db8d953721a0ef50322bfbaa,15,complete
parameters_20260825_stage4_path_v1,stage4-confirmed-path-parameters-v1,F1023_V70_D0120_P9__G27__ch5__nav_sage_v2__ingestion_20260825_event_path_v1__event_796__path_2,F1023_V70_D0120_P9__G27__ch5__nav_sage_v2__ingestion_20260825_event_path_v1__event_796,F1023_V70_D0120_P9__G27__ch5__nav_sage_v2__ingestion_20260825_event_path_v1,F1023_V70_D0120_P9,G27,5,796,2,stage4_joint,multipath,1,confirmed_multipath,2026-01-20T15:36:15.900Z,Special Reflective,bridge over wide water surface,bridge over water,22,LOW,271,38,1,0.1,1,1,2.8,0.28,2.73704789834e-07,82.0546317107,60.3353163244,60.3353163244,-4.7135463388,mean_relative_power_db,scenes/F1023_V70_D0120_P9/sage_results/nav_sage_v2/G27/stage4_joint_paths.csv,02d2f4ab9ac1ba89a19e5163bbc7448e4d793fc9db8d953721a0ef50322bfbaa,17,complete
parameters_20260825_stage4_path_v1,stage4-confirmed-path-parameters-v1,F1023_V70_D0120_P9__G29__ch4__nav_sage_v2__ingestion_20260825_event_path_v1__event_560__path_2,F1023_V70_D0120_P9__G29__ch4__nav_sage_v2__ingestion_20260825_event_path_v1__event_560,F1023_V70_D0120_P9__G29__ch4__nav_sage_v2__ingestion_20260825_event_path_v1,F1023_V70_D0120_P9,G29,4,560,2,stage4_joint,multipath,1,confirmed_multipath,2026-01-20T15:35:41.180Z,Special Reflective,bridge over wide water surface,bridge over water,28,LOW,80,45,1,0.18,1,1,1.1,0.11,1.0752688172e-07,32.235748172,10.8005277009,10.8005277009,-7.17440666457,mean_relative_power_db,scenes/F1023_V70_D0120_P9/sage_results/nav_sage_v2/G29/stage4_joint_paths.csv,d22af2b6a71728bcd2ed5ad8911a0c584ac63df9e5f17ee7c8ab442d6b9c8843,9,complete
parameters_20260825_stage4_path_v1,stage4-confirmed-path-parameters-v1,F1023_V70_D0120_P9__G31__ch7__nav_sage_v2__ingestion_20260825_event_path_v1__event_1476__path_2,F1023_V70_D0120_P9__G31__ch7__nav_sage_v2__ingestion_20260825_event_path_v1__event_1476,F1023_V70_D0120_P9__G31__ch7__nav_sage_v2__ingestion_20260825_event_path_v1,F1023_V70_D0120_P9,G31,7,1476,2,stage4_joint,multipath,1,confirmed_multipath,2026-01-20T15:36:17.500Z,Special Reflective,bridge over wide water surface,bridge over water,29,LOW,223,46,1,0.5,1,1,1.2,0.12,1.17302052786e-07,35.1662707331,12.3993980751,12.3993980751,-3.0453886384,mean_relative_power_db,scenes/F1023_V70_D0120_P9/sage_results/nav_sage_v2/G31/stage4_joint_paths.csv,c4be4e9686be1afa01a3d56735ca6a5dc27c4c93048a4eec0e4a9827dcbd3f37,3,complete
parameters_20260825_stage4_path_v1,stage4-confirmed-path-parameters-v1,F1023_V70_D0120_P9__G31__ch7__nav_sage_v2__ingestion_20260825_event_path_v1__event_449__path_2,F1023_V70_D0120_P9__G31__ch7__nav_sage_v2__ingestion_20260825_event_path_v1__event_449,F1023_V70_D0120_P9__G31__ch7__nav_sage_v2__ingestion_20260825_event_path_v1,F1023_V70_D0120_P9,G31,7,449,2,stage4_joint,multipath,1,confirmed_multipath,2026-01-20T15:35:56.960Z,Special Reflective,bridge over wide water surface,bridge over water,29,LOW,223,46,1,0.04,1,1,1,0.1,9.77517106549e-08,29.3052256109,-0.157565694562,-0.157565694562,0.339070822742,mean_relative_power_db,scenes/F1023_V70_D0120_P9/sage_results/nav_sage_v2/G31/stage4_joint_paths.csv,c4be4e9686be1afa01a3d56735ca6a5dc27c4c93048a4eec0e4a9827dcbd3f37,7,complete
parameters_20260825_stage4_path_v1,stage4-confirmed-path-parameters-v1,F1023_V70_D0120_P9__G31__ch7__nav_sage_v2__ingestion_20260825_event_path_v1__event_451__path_2,F1023_V70_D0120_P9__G31__ch7__nav_sage_v2__ingestion_20260825_event_path_v1__event_451,F1023_V70_D0120_P9__G31__ch7__nav_sage_v2__ingestion_20260825_event_path_v1,F1023_V70_D0120_P9,G31,7,451,2,stage4_joint,multipath,1,confirmed_multipath,2026-01-20T15:35:57.000Z,Special Reflective,bridge over wide water surface,bridge over water,29,LOW,223,46,1,0,1,1,1.2,0.12,1.17302052786e-07,35.1662707331,9.66725244302,9.66725244302,-3.07705977176,mean_relative_power_db,scenes/F1023_V70_D0120_P9/sage_results/nav_sage_v2/G31/stage4_joint_paths.csv,c4be4e9686be1afa01a3d56735ca6a5dc27c4c93048a4eec0e4a9827dcbd3f37,10,complete
parameters_20260825_stage4_path_v1,stage4-confirmed-path-parameters-v1,F1023_V70_D0122_P1__G13__ch5__nav_sage_v2__ingestion_20260825_event_path_v1__event_69__path_2,F1023_V70_D0122_P1__G13__ch5__nav_sage_v2__ingestion_20260825_event_path_v1__event_69,F1023_V70_D0122_P1__G13__ch5__nav_sage_v2__ingestion_20260825_event_path_v1,F1023_V70_D0122_P1,G13,5,69,2,stage4_joint,multipath,1,confirmed_multipath,2026-01-22T08:22:31.360Z,Urban,street environment,urban street,31,MID,152,47,1,0.63,1,1,1.1,0.11,1.0752688172e-07,32.235748172,-10.3356979047,-10.3356979047,-5.73621193729,mean_relative_power_db,scenes/F1023_V70_D0122_P1/sage_results/nav_sage_v2/G13/stage4_joint_paths.csv,7f2b486dc327422a91b7992f1fe5c984443706661c13323f9fca670b362b9440,5,complete
parameters_20260825_stage4_path_v1,stage4-confirmed-path-parameters-v1,F1023_V70_D0122_P1__G13__ch5__nav_sage_v2__ingestion_20260825_event_path_v1__event_1291__path_2,F1023_V70_D0122_P1__G13__ch5__nav_sage_v2__ingestion_20260825_event_path_v1__event_1291,F1023_V70_D0122_P1__G13__ch5__nav_sage_v2__ingestion_20260825_event_path_v1,F1023_V70_D0122_P1,G13,5,1291,2,stage4_joint,multipath,1,confirmed_multipath,2026-01-22T08:23:01.840Z,Urban,street environment,urban street,30,MID,152,46,1,0.15,1,1,1.2,0.12,1.17302052786e-07,35.1662707331,-28.760370736,-28.760370736,-12.8563382801,mean_relative_power_db,scenes/F1023_V70_D0122_P1/sage_results/nav_sage_v2/G13/stage4_joint_paths.csv,7f2b486dc327422a91b7992f1fe5c984443706661c13323f9fca670b362b9440,8,complete
parameters_20260825_stage4_path_v1,stage4-confirmed-path-parameters-v1,F1023_V70_D0122_P1__G15__ch8__nav_sage_v2__ingestion_20260825_event_path_v1__event_431__path_2,F1023_V70_D0122_P1__G15__ch8__nav_sage_v2__ingestion_20260825_event_path_v1__event_431,F1023_V70_D0122_P1__G15__ch8__nav_sage_v2__ingestion_20260825_event_path_v1,F1023_V70_D0122_P1,G15,8,431,2,stage4_joint,multipath,1,confirmed_multipath,2026-01-22T08:22:38.600Z,Urban,street environment,urban street,46,MID,190,49,1,0.39,1,1,1.5,0.15,1.46627565982e-07,43.9578384164,22.5532405676,22.5532405676,-19.1617004204,mean_relative_power_db,scenes/F1023_V70_D0122_P1/sage_results/nav_sage_v2/G15/stage4_joint_paths.csv,c6587dd2e08f379601dc0c0be72c8f358aac6b8b17dcd92cba2725cef284176e,3,complete
parameters_20260825_stage4_path_v1,stage4-confirmed-path-parameters-v1,F1023_V70_D0122_P1__G15__ch8__nav_sage_v2__ingestion_20260825_event_path_v1__event_433__path_2,F1023_V70_D0122_P1__G15__ch8__nav_sage_v2__ingestion_20260825_event_path_v1__event_433,F1023_V70_D0122_P1__G15__ch8__nav_sage_v2__ingestion_20260825_event_path_v1,F1023_V70_D0122_P1,G15,8,433,2,stage4_joint,multipath,1,confirmed_multipath,2026-01-22T08:22:38.640Z,Urban,street environment,urban street,46,MID,190,49,1,0.35,1,1,1.1,0.11,1.0752688172e-07,32.235748172,22.2655962747,22.2655962747,-14.5129577265,mean_relative_power_db,scenes/F1023_V70_D0122_P1/sage_results/nav_sage_v2/G15/stage4_joint_paths.csv,c6587dd2e08f379601dc0c0be72c8f358aac6b8b17dcd92cba2725cef284176e,6,complete
parameters_20260825_stage4_path_v1,stage4-confirmed-path-parameters-v1,F1023_V70_D0122_P1__G15__ch8__nav_sage_v2__ingestion_20260825_event_path_v1__event_1585__path_2,F1023_V70_D0122_P1__G15__ch8__nav_sage_v2__ingestion_20260825_event_path_v1__event_1585,F1023_V70_D0122_P1__G15__ch8__nav_sage_v2__ingestion_20260825_event_path_v1,F1023_V70_D0122_P1,G15,8,1585,2,stage4_joint,multipath,1,confirmed_multipath,2026-01-22T08:23:01.680Z,Urban,street environment,urban street,46,MID,190,50,1,0.31,1,1,1.2,0.12,1.17302052786e-07,35.1662707331,16.4732050805,16.4732050805,-17.4266250028,mean_relative_power_db,scenes/F1023_V70_D0122_P1/sage_results/nav_sage_v2/G15/stage4_joint_paths.csv,c6587dd2e08f379601dc0c0be72c8f358aac6b8b17dcd92cba2725cef284176e,8,complete
parameters_20260825_stage4_path_v1,stage4-confirmed-path-parameters-v1,F1023_V70_D0122_P1__G15__ch8__nav_sage_v2__ingestion_20260825_event_path_v1__event_1587__path_2,F1023_V70_D0122_P1__G15__ch8__nav_sage_v2__ingestion_20260825_event_path_v1__event_1587,F1023_V70_D0122_P1__G15__ch8__nav_sage_v2__ingestion_20260825_event_path_v1,F1023_V70_D0122_P1,G15,8,1587,2,stage4_joint,multipath,1,confirmed_multipath,2026-01-22T08:23:01.720Z,Urban,street environment,urban street,46,MID,190,50,1,0.27,1,1,1.2,0.12,1.17302052786e-07,35.1662707331,1.41481112643,1.41481112643,-6.59429080239,mean_relative_power_db,scenes/F1023_V70_D0122_P1/sage_results/nav_sage_v2/G15/stage4_joint_paths.csv,c6587dd2e08f379601dc0c0be72c8f358aac6b8b17dcd92cba2725cef284176e,11,complete
parameters_20260825_stage4_path_v1,stage4-confirmed-path-parameters-v1,F1023_V70_D0122_P1__G17__ch2__nav_sage_v2__ingestion_20260825_event_path_v1__event_1428__path_2,F1023_V70_D0122_P1__G17__ch2__nav_sage_v2__ingestion_20260825_event_path_v1__event_1428,F1023_V70_D0122_P1__G17__ch2__nav_sage_v2__ingestion_20260825_event_path_v1,F1023_V70_D0122_P1,G17,2,1428,2,stage4_joint,multipath,1,confirmed_multipath,2026-01-22T08:22:58.540Z,Urban,street environment,urban street,38,MID,78,45,1,0.45,1,1,1.2,0.12,1.17302052786e-07,35.1662707331,15.1636665907,15.1636665907,-9.96077344323,mean_relative_power_db,scenes/F1023_V70_D0122_P1/sage_results/nav_sage_v2/G17/stage4_joint_paths.csv,0ecb50ed1c72d10a9aba1fc79383d4bd1c6babad2ee8f89331bdef8b774aafc7,3,complete
parameters_20260825_stage4_path_v1,stage4-confirmed-path-parameters-v1,F1023_V70_D0122_P1__G17__ch2__nav_sage_v2__ingestion_20260825_event_path_v1__event_1318__path_2,F1023_V70_D0122_P1__G17__ch2__nav_sage_v2__ingestion_20260825_event_path_v1__event_1318,F1023_V70_D0122_P1__G17__ch2__nav_sage_v2__ingestion_20260825_event_path_v1,F1023_V70_D0122_P1,G17,2,1318,2,stage4_joint,multipath,1,confirmed_multipath,2026-01-22T08:22:56.340Z,Urban,street environment,urban street,38,MID,78,47,1,0.35,1,1,3.6,0.36,3.51906158358e-07,105.498812199,76.893857824,76.893857824,-14.5651654013,mean_relative_power_db,scenes/F1023_V70_D0122_P1/sage_results/nav_sage_v2/G17/stage4_joint_paths.csv,0ecb50ed1c72d10a9aba1fc79383d4bd1c6babad2ee8f89331bdef8b774aafc7,6,complete
parameters_20260825_stage4_path_v1,stage4-confirmed-path-parameters-v1,F1023_V70_D0122_P1__G17__ch2__nav_sage_v2__ingestion_20260825_event_path_v1__event_1329__path_2,F1023_V70_D0122_P1__G17__ch2__nav_sage_v2__ingestion_20260825_event_path_v1__event_1329,F1023_V70_D0122_P1__G17__ch2__nav_sage_v2__ingestion_20260825_event_path_v1,F1023_V70_D0122_P1,G17,2,1329,2,stage4_joint,multipath,1,confirmed_multipath,2026-01-22T08:22:56.560Z,Urban,street environment,urban street,38,MID,78,46,1,0.43,1,1,3.5,0.35,3.42130987292e-07,102.568289638,80.5735056392,80.5735056392,-11.5782588615,mean_relative_power_db,scenes/F1023_V70_D0122_P1/sage_results/nav_sage_v2/G17/stage4_joint_paths.csv,0ecb50ed1c72d10a9aba1fc79383d4bd1c6babad2ee8f89331bdef8b774aafc7,8,complete
parameters_20260825_stage4_path_v1,stage4-confirmed-path-parameters-v1,F1023_V70_D0122_P1__G17__ch2__nav_sage_v2__ingestion_20260825_event_path_v1__event_1560__path_2,F1023_V70_D0122_P1__G17__ch2__nav_sage_v2__ingestion_20260825_event_path_v1__event_1560,F1023_V70_D0122_P1__G17__ch2__nav_sage_v2__ingestion_20260825_event_path_v1,F1023_V70_D0122_P1,G17,2,1560,2,stage4_joint,multipath,1,confirmed_multipath,2026-01-22T08:23:01.180Z,Urban,street environment,urban street,38,MID,78,45,1,0.19,1,1,1.7,0.17,1.66177908113e-07,49.8188835386,62.2031295071,62.2031295071,-12.6530613933,mean_relative_power_db,scenes/F1023_V70_D0122_P1/sage_results/nav_sage_v2/G17/stage4_joint_paths.csv,0ecb50ed1c72d10a9aba1fc79383d4bd1c6babad2ee8f89331bdef8b774aafc7,10,complete
parameters_20260825_stage4_path_v1,stage4-confirmed-path-parameters-v1,F1023_V70_D0122_P1__G17__ch2__nav_sage_v2__ingestion_20260825_event_path_v1__event_1562__path_2,F1023_V70_D0122_P1__G17__ch2__nav_sage_v2__ingestion_20260825_event_path_v1__event_1562,F1023_V70_D0122_P1__G17__ch2__nav_sage_v2__ingestion_20260825_event_path_v1,F1023_V70_D0122_P1,G17,2,1562,2,stage4_joint,multipath,1,confirmed_multipath,2026-01-22T08:23:01.220Z,Urban,street environment,urban street,38,MID,78,45,1,0.23,1,1,1.6,0.16,1.56402737048e-07,46.8883609775,57.144735553,57.144735553,-12.4124202911,mean_relative_power_db,scenes/F1023_V70_D0122_P1/sage_results/nav_sage_v2/G17/stage4_joint_paths.csv,0ecb50ed1c72d10a9aba1fc79383d4bd1c6babad2ee8f89331bdef8b774aafc7,12,complete
parameters_20260825_stage4_path_v1,stage4-confirmed-path-parameters-v1,F1023_V70_D0122_P1__G17__ch2__nav_sage_v2__ingestion_20260825_event_path_v1__event_1332__path_2,F1023_V70_D0122_P1__G17__ch2__nav_sage_v2__ingestion_20260825_event_path_v1__event_1332,F1023_V70_D0122_P1__G17__ch2__nav_sage_v2__ingestion_20260825_event_path_v1,F1023_V70_D0122_P1,G17,2,1332,2,stage4_joint,multipath,1,confirmed_multipath,2026-01-22T08:22:56.620Z,Urban,street environment,urban street,38,MID,78,46,1,0.37,1,1,3.5,0.35,3.42130987292e-07,102.568289638,85.2134095887,85.2134095887,-13.204015054,mean_relative_power_db,scenes/F1023_V70_D0122_P1/sage_results/nav_sage_v2/G17/stage4_joint_paths.csv,0ecb50ed1c72d10a9aba1fc79383d4bd1c6babad2ee8f89331bdef8b774aafc7,14,complete
parameters_20260825_stage4_path_v1,stage4-confirmed-path-parameters-v1,F1023_V70_D0122_P1__G17__ch2__nav_sage_v2__ingestion_20260825_event_path_v1__event_1429__path_2,F1023_V70_D0122_P1__G17__ch2__nav_sage_v2__ingestion_20260825_event_path_v1__event_1429,F1023_V70_D0122_P1__G17__ch2__nav_sage_v2__ingestion_20260825_event_path_v1,F1023_V70_D0122_P1,G17,2,1429,2,stage4_joint,multipath,1,confirmed_multipath,2026-01-22T08:22:58.560Z,Urban,street environment,urban street,38,MID,78,45,1,0.43,1,1,2.8,0.28,2.73704789834e-07,82.0546317107,75.2426065658,75.2426065658,-13.8878213302,mean_relative_power_db,scenes/F1023_V70_D0122_P1/sage_results/nav_sage_v2/G17/stage4_joint_paths.csv,0ecb50ed1c72d10a9aba1fc79383d4bd1c6babad2ee8f89331bdef8b774aafc7,16,complete
parameters_20260825_stage4_path_v1,stage4-confirmed-path-parameters-v1,F1023_V70_D0122_P1__G17__ch2__nav_sage_v2__ingestion_20260825_event_path_v1__event_1429__path_3,F1023_V70_D0122_P1__G17__ch2__nav_sage_v2__ingestion_20260825_event_path_v1__event_1429,F1023_V70_D0122_P1__G17__ch2__nav_sage_v2__ingestion_20260825_event_path_v1,F1023_V70_D0122_P1,G17,2,1429,3,stage4_joint,multipath,1,confirmed_multipath,2026-01-22T08:22:58.560Z,Urban,street environment,urban street,38,MID,78,45,1,0.43,1,1,7.9,0.79,7.72238514174e-07,231.511282326,135.242606566,135.242606566,-21.6291224978,mean_relative_power_db,scenes/F1023_V70_D0122_P1/sage_results/nav_sage_v2/G17/stage4_joint_paths.csv,0ecb50ed1c72d10a9aba1fc79383d4bd1c6babad2ee8f89331bdef8b774aafc7,17,complete
parameters_20260825_stage4_path_v1,stage4-confirmed-path-parameters-v1,F1023_V70_D0122_P1__G17__ch2__nav_sage_v2__ingestion_20260825_event_path_v1__event_1429__path_4,F1023_V70_D0122_P1__G17__ch2__nav_sage_v2__ingestion_20260825_event_path_v1__event_1429,F1023_V70_D0122_P1__G17__ch2__nav_sage_v2__ingestion_20260825_event_path_v1,F1023_V70_D0122_P1,G17,2,1429,4,stage4_joint,multipath,1,confirmed_multipath,2026-01-22T08:22:58.560Z,Urban,street environment,urban street,38,MID,78,45,1,0.43,1,1,37.4,3.74,3.65591397849e-06,1096.01543785,140.242606566,140.242606566,-21.7625884166,mean_relative_power_db,scenes/F1023_V70_D0122_P1/sage_results/nav_sage_v2/G17/stage4_joint_paths.csv,0ecb50ed1c72d10a9aba1fc79383d4bd1c6babad2ee8f89331bdef8b774aafc7,18,complete
parameters_20260825_stage4_path_v1,stage4-confirmed-path-parameters-v1,F1023_V70_D0122_P1__G19__ch11__nav_sage_v2__ingestion_20260825_event_path_v1__event_1434__path_2,F1023_V70_D0122_P1__G19__ch11__nav_sage_v2__ingestion_20260825_event_path_v1__event_1434,F1023_V70_D0122_P1__G19__ch11__nav_sage_v2__ingestion_20260825_event_path_v1,F1023_V70_D0122_P1,G19,11,1434,2,stage4_joint,multipath,1,confirmed_multipath,2026-01-22T08:22:58.660Z,Urban,street environment,urban street,36,MID,112,46,1,0.33,1,1,2.7,0.27,2.63929618768e-07,79.1241091496,50.6373064408,50.6373064408,-14.0058792429,mean_relative_power_db,scenes/F1023_V70_D0122_P1/sage_results/nav_sage_v2/G19/stage4_joint_paths.csv,c7c9ffa31e4012a9bb70bf0ec5cf6794204e74fe0827bde14b63def1f42090cb,3,complete
parameters_20260825_stage4_path_v1,stage4-confirmed-path-parameters-v1,F1023_V70_D0122_P1__G22__ch4__nav_sage_v2__ingestion_20260825_event_path_v1__event_446__path_2,F1023_V70_D0122_P1__G22__ch4__nav_sage_v2__ingestion_20260825_event_path_v1__event_446,F1023_V70_D0122_P1__G22__ch4__nav_sage_v2__ingestion_20260825_event_path_v1,F1023_V70_D0122_P1,G22,4,446,2,stage4_joint,multipath,1,confirmed_multipath,2026-01-22T08:22:38.900Z,Urban,street environment,urban street,38,MID,60,46,1,0.09,1,1,1.4,0.14,1.36852394917e-07,41.0273158553,75.3959083731,75.3959083731,-18.5408561785,mean_relative_power_db,scenes/F1023_V70_D0122_P1/sage_results/nav_sage_v2/G22/stage4_joint_paths.csv,92ce0ff030919afe94a2bc560c60975d35229587a4b7e85fda2343a9056e7185,9,complete
parameters_20260825_stage4_path_v1,stage4-confirmed-path-parameters-v1,F1023_V70_D0122_P1__G22__ch4__nav_sage_v2__ingestion_20260825_event_path_v1__event_434__path_2,F1023_V70_D0122_P1__G22__ch4__nav_sage_v2__ingestion_20260825_event_path_v1__event_434,F1023_V70_D0122_P1__G22__ch4__nav_sage_v2__ingestion_20260825_event_path_v1,F1023_V70_D0122_P1,G22,4,434,2,stage4_joint,multipath,1,confirmed_multipath,2026-01-22T08:22:38.660Z,Urban,street environment,urban street,38,MID,60,46,1,0.33,1,1,1.2,0.12,1.17302052786e-07,35.1662707331,77.1217741288,77.1217741288,-15.8635228887,mean_relative_power_db,scenes/F1023_V70_D0122_P1/sage_results/nav_sage_v2/G22/stage4_joint_paths.csv,92ce0ff030919afe94a2bc560c60975d35229587a4b7e85fda2343a9056e7185,11,complete
parameters_20260825_stage4_path_v1,stage4-confirmed-path-parameters-v1,F1023_V70_D0122_P1__G24__ch7__nav_sage_v2__ingestion_20260825_event_path_v1__event_932__path_2,F1023_V70_D0122_P1__G24__ch7__nav_sage_v2__ingestion_20260825_event_path_v1__event_932,F1023_V70_D0122_P1__G24__ch7__nav_sage_v2__ingestion_20260825_event_path_v1,F1023_V70_D0122_P1,G24,7,932,2,stage4_joint,multipath,1,confirmed_multipath,2026-01-22T08:22:48.620Z,Urban,street environment,urban street,69,HIGH,280,49,1,0.37,1,1,1.5,0.15,1.46627565982e-07,43.9578384164,-32.4240860285,-32.4240860285,-18.2565229313,mean_relative_power_db,scenes/F1023_V70_D0122_P1/sage_results/nav_sage_v2/G24/stage4_joint_paths.csv,e05245afcaf23f7235356a9279b7508fa3e52b25656862f8d17e9ec45fcece47,7,complete
parameters_20260825_stage4_path_v1,stage4-confirmed-path-parameters-v1,F1023_V70_D0122_P1__G24__ch7__nav_sage_v2__ingestion_20260825_event_path_v1__event_1361__path_2,F1023_V70_D0122_P1__G24__ch7__nav_sage_v2__ingestion_20260825_event_path_v1__event_1361,F1023_V70_D0122_P1__G24__ch7__nav_sage_v2__ingestion_20260825_event_path_v1,F1023_V70_D0122_P1,G24,7,1361,2,stage4_joint,multipath,1,confirmed_multipath,2026-01-22T08:22:57.200Z,Urban,street environment,urban street,69,HIGH,280,48,1,0.21,1,1,1,0.1,9.77517106549e-08,29.3052256109,12.9928172776,12.9928172776,-9.99501464007,mean_relative_power_db,scenes/F1023_V70_D0122_P1/sage_results/nav_sage_v2/G24/stage4_joint_paths.csv,e05245afcaf23f7235356a9279b7508fa3e52b25656862f8d17e9ec45fcece47,9,complete
parameters_20260825_stage4_path_v1,stage4-confirmed-path-parameters-v1,F1023_V70_D0122_P1__G24__ch7__nav_sage_v2__ingestion_20260825_event_path_v1__event_1362__path_2,F1023_V70_D0122_P1__G24__ch7__nav_sage_v2__ingestion_20260825_event_path_v1__event_1362,F1023_V70_D0122_P1__G24__ch7__nav_sage_v2__ingestion_20260825_event_path_v1,F1023_V70_D0122_P1,G24,7,1362,2,stage4_joint,multipath,1,confirmed_multipath,2026-01-22T08:22:57.220Z,Urban,street environment,urban street,69,HIGH,280,48,1,0.23,1,1,1.2,0.12,1.17302052786e-07,35.1662707331,7.99281727761,7.99281727761,-10.8109650343,mean_relative_power_db,scenes/F1023_V70_D0122_P1/sage_results/nav_sage_v2/G24/stage4_joint_paths.csv,e05245afcaf23f7235356a9279b7508fa3e52b25656862f8d17e9ec45fcece47,11,complete
parameters_20260825_stage4_path_v1,stage4-confirmed-path-parameters-v1,F1023_V70_D0122_P2__G12__ch2__nav_sage_v2__ingestion_20260825_event_path_v1__event_594__path_2,F1023_V70_D0122_P2__G12__ch2__nav_sage_v2__ingestion_20260825_event_path_v1__event_594,F1023_V70_D0122_P2__G12__ch2__nav_sage_v2__ingestion_20260825_event_path_v1,F1023_V70_D0122_P2,G12,2,594,2,stage4_joint,multipath,1,confirmed_multipath,2026-01-22T08:31:17.860Z,Special Reflective,"railway, communication tower and vegetation",urban road near railway,,,,,0,,1,0,1.6,0.16,1.56402737048e-07,46.8883609775,-28.9847902677,-28.9847902677,-7.47280682106,mean_relative_power_db,scenes/F1023_V70_D0122_P2/sage_results/nav_sage_v2/G12/stage4_joint_paths.csv,e838394d618b15ca59c9d076ba7b66238a8814b60ca32feb1d766e67cb43843d,3,complete
parameters_20260825_stage4_path_v1,stage4-confirmed-path-parameters-v1,F1023_V70_D0122_P2__G12__ch2__nav_sage_v2__ingestion_20260825_event_path_v1__event_535__path_2,F1023_V70_D0122_P2__G12__ch2__nav_sage_v2__ingestion_20260825_event_path_v1__event_535,F1023_V70_D0122_P2__G12__ch2__nav_sage_v2__ingestion_20260825_event_path_v1,F1023_V70_D0122_P2,G12,2,535,2,stage4_joint,multipath,1,confirmed_multipath,2026-01-22T08:31:16.680Z,Special Reflective,"railway, communication tower and vegetation",urban road near railway,,,,,0,,1,0,1.2,0.12,1.17302052786e-07,35.1662707331,-51.8906474787,-51.8906474787,-4.73108619448,mean_relative_power_db,scenes/F1023_V70_D0122_P2/sage_results/nav_sage_v2/G12/stage4_joint_paths.csv,e838394d618b15ca59c9d076ba7b66238a8814b60ca32feb1d766e67cb43843d,6,complete
parameters_20260825_stage4_path_v1,stage4-confirmed-path-parameters-v1,F1023_V70_D0122_P2__G12__ch2__nav_sage_v2__ingestion_20260825_event_path_v1__event_653__path_2,F1023_V70_D0122_P2__G12__ch2__nav_sage_v2__ingestion_20260825_event_path_v1__event_653,F1023_V70_D0122_P2__G12__ch2__nav_sage_v2__ingestion_20260825_event_path_v1,F1023_V70_D0122_P2,G12,2,653,2,stage4_joint,multipath,1,confirmed_multipath,2026-01-22T08:31:19.040Z,Special Reflective,"railway, communication tower and vegetation",urban road near railway,,,,,0,,1,0,1.1,0.11,1.0752688172e-07,32.235748172,-49.0253416242,-49.0253416242,-1.75822717677,mean_relative_power_db,scenes/F1023_V70_D0122_P2/sage_results/nav_sage_v2/G12/stage4_joint_paths.csv,e838394d618b15ca59c9d076ba7b66238a8814b60ca32feb1d766e67cb43843d,8,complete
parameters_20260825_stage4_path_v1,stage4-confirmed-path-parameters-v1,F1023_V70_D0122_P2__G12__ch2__nav_sage_v2__ingestion_20260825_event_path_v1__event_653__path_3,F1023_V70_D0122_P2__G12__ch2__nav_sage_v2__ingestion_20260825_event_path_v1__event_653,F1023_V70_D0122_P2__G12__ch2__nav_sage_v2__ingestion_20260825_event_path_v1,F1023_V70_D0122_P2,G12,2,653,3,stage4_joint,multipath,1,confirmed_multipath,2026-01-22T08:31:19.040Z,Special Reflective,"railway, communication tower and vegetation",urban road near railway,,,,,0,,1,0,2.1,0.21,2.05278592375e-07,61.540973783,25.9746583758,25.9746583758,-10.0979841764,mean_relative_power_db,scenes/F1023_V70_D0122_P2/sage_results/nav_sage_v2/G12/stage4_joint_paths.csv,e838394d618b15ca59c9d076ba7b66238a8814b60ca32feb1d766e67cb43843d,9,complete
parameters_20260825_stage4_path_v1,stage4-confirmed-path-parameters-v1,F1023_V70_D0122_P2__G12__ch2__nav_sage_v2__ingestion_20260825_event_path_v1__event_694__path_2,F1023_V70_D0122_P2__G12__ch2__nav_sage_v2__ingestion_20260825_event_path_v1__event_694,F1023_V70_D0122_P2__G12__ch2__nav_sage_v2__ingestion_20260825_event_path_v1,F1023_V70_D0122_P2,G12,2,694,2,stage4_joint,multipath,1,confirmed_multipath,2026-01-22T08:31:19.860Z,Special Reflective,"railway, communication tower and vegetation",urban road near railway,,,,,0,,1,0,1,0.1,9.77517106549e-08,29.3052256109,27.1961006054,27.1961006054,-11.5401335503,mean_relative_power_db,scenes/F1023_V70_D0122_P2/sage_results/nav_sage_v2/G12/stage4_joint_paths.csv,e838394d618b15ca59c9d076ba7b66238a8814b60ca32feb1d766e67cb43843d,11,complete
parameters_20260825_stage4_path_v1,stage4-confirmed-path-parameters-v1,F1023_V70_D0122_P2__G12__ch2__nav_sage_v2__ingestion_20260825_event_path_v1__event_694__path_3,F1023_V70_D0122_P2__G12__ch2__nav_sage_v2__ingestion_20260825_event_path_v1__event_694,F1023_V70_D0122_P2__G12__ch2__nav_sage_v2__ingestion_20260825_event_path_v1,F1023_V70_D0122_P2,G12,2,694,3,stage4_joint,multipath,1,confirmed_multipath,2026-01-22T08:31:19.860Z,Special Reflective,"railway, communication tower and vegetation",urban road near railway,,,,,0,,1,0,2,0.2,1.9550342131e-07,58.6104512219,-47.8038993946,-47.8038993946,-9.31424787473,mean_relative_power_db,scenes/F1023_V70_D0122_P2/sage_results/nav_sage_v2/G12/stage4_joint_paths.csv,e838394d618b15ca59c9d076ba7b66238a8814b60ca32feb1d766e67cb43843d,12,complete
parameters_20260825_stage4_path_v1,stage4-confirmed-path-parameters-v1,F1023_V70_D0122_P2__G12__ch2__nav_sage_v2__ingestion_20260825_event_path_v1__event_848__path_2,F1023_V70_D0122_P2__G12__ch2__nav_sage_v2__ingestion_20260825_event_path_v1__event_848,F1023_V70_D0122_P2__G12__ch2__nav_sage_v2__ingestion_20260825_event_path_v1,F1023_V70_D0122_P2,G12,2,848,2,stage4_joint,multipath,1,confirmed_multipath,2026-01-22T08:31:22.940Z,Special Reflective,"railway, communication tower and vegetation",urban road near railway,,,,,0,,1,0,1.5,0.15,1.46627565982e-07,43.9578384164,-30.7569022476,-30.7569022476,-9.36385753881,mean_relative_power_db,scenes/F1023_V70_D0122_P2/sage_results/nav_sage_v2/G12/stage4_joint_paths.csv,e838394d618b15ca59c9d076ba7b66238a8814b60ca32feb1d766e67cb43843d,14,complete
parameters_20260825_stage4_path_v1,stage4-confirmed-path-parameters-v1,F1023_V70_D0122_P2__G12__ch2__nav_sage_v2__ingestion_20260825_event_path_v1__event_471__path_2,F1023_V70_D0122_P2__G12__ch2__nav_sage_v2__ingestion_20260825_event_path_v1__event_471,F1023_V70_D0122_P2__G12__ch2__nav_sage_v2__ingestion_20260825_event_path_v1,F1023_V70_D0122_P2,G12,2,471,2,stage4_joint,multipath,1,confirmed_multipath,2026-01-22T08:31:15.400Z,Special Reflective,"railway, communication tower and vegetation",urban road near railway,,,,,0,,1,0,1.7,0.17,1.66177908113e-07,49.8188835386,-53.5240561399,-53.5240561399,-11.0955211906,mean_relative_power_db,scenes/F1023_V70_D0122_P2/sage_results/nav_sage_v2/G12/stage4_joint_paths.csv,e838394d618b15ca59c9d076ba7b66238a8814b60ca32feb1d766e67cb43843d,16,complete
parameters_20260825_stage4_path_v1,stage4-confirmed-path-parameters-v1,F1023_V70_D0122_P2__G12__ch2__nav_sage_v2__ingestion_20260825_event_path_v1__event_595__path_2,F1023_V70_D0122_P2__G12__ch2__nav_sage_v2__ingestion_20260825_event_path_v1__event_595,F1023_V70_D0122_P2__G12__ch2__nav_sage_v2__ingestion_20260825_event_path_v1,F1023_V70_D0122_P2,G12,2,595,2,stage4_joint,multipath,1,confirmed_multipath,2026-01-22T08:31:17.880Z,Special Reflective,"railway, communication tower and vegetation",urban road near railway,,,,,0,,1,0,1.6,0.16,1.56402737048e-07,46.8883609775,-43.6009040874,-43.6009040874,-11.536495873,mean_relative_power_db,scenes/F1023_V70_D0122_P2/sage_results/nav_sage_v2/G12/stage4_joint_paths.csv,e838394d618b15ca59c9d076ba7b66238a8814b60ca32feb1d766e67cb43843d,18,complete
parameters_20260825_stage4_path_v1,stage4-confirmed-path-parameters-v1,F1023_V70_D0122_P2__G23__ch10__nav_sage_v2__ingestion_20260825_event_path_v1__event_889__path_2,F1023_V70_D0122_P2__G23__ch10__nav_sage_v2__ingestion_20260825_event_path_v1__event_889,F1023_V70_D0122_P2__G23__ch10__nav_sage_v2__ingestion_20260825_event_path_v1,F1023_V70_D0122_P2,G23,10,889,2,stage4_joint,multipath,1,confirmed_multipath,2026-01-22T08:31:17.760Z,Special Reflective,"railway, communication tower and vegetation",urban road near railway,23,LOW,264,40,1,0.23,1,1,1.7,0.17,1.66177908113e-07,49.8188835386,-35.9042211668,-35.9042211668,-12.7993145087,mean_relative_power_db,scenes/F1023_V70_D0122_P2/sage_results/nav_sage_v2/G23/stage4_joint_paths.csv,277266fdec5a0c163c7fbd63e59e89c6ade829b4bad1a154a09fbbb8cdfc57bd,4,complete
parameters_20260825_stage4_path_v1,stage4-confirmed-path-parameters-v1,F1023_V70_D0122_P2__G23__ch10__nav_sage_v2__ingestion_20260825_event_path_v1__event_1071__path_2,F1023_V70_D0122_P2__G23__ch10__nav_sage_v2__ingestion_20260825_event_path_v1__event_1071,F1023_V70_D0122_P2__G23__ch10__nav_sage_v2__ingestion_20260825_event_path_v1,F1023_V70_D0122_P2,G23,10,1071,2,stage4_joint,multipath,1,confirmed_multipath,2026-01-22T08:31:21.400Z,Special Reflective,"railway, communication tower and vegetation",urban road near railway,23,LOW,264,40,1,0.41,1,1,2.4,0.24,2.34604105572e-07,70.3325414663,-62.5005045314,-62.5005045314,-3.20661635132,mean_relative_power_db,scenes/F1023_V70_D0122_P2/sage_results/nav_sage_v2/G23/stage4_joint_paths.csv,277266fdec5a0c163c7fbd63e59e89c6ade829b4bad1a154a09fbbb8cdfc57bd,6,complete
parameters_20260825_stage4_path_v1,stage4-confirmed-path-parameters-v1,F1023_V70_D0122_P2__G23__ch10__nav_sage_v2__ingestion_20260825_event_path_v1__event_2143__path_2,F1023_V70_D0122_P2__G23__ch10__nav_sage_v2__ingestion_20260825_event_path_v1__event_2143,F1023_V70_D0122_P2__G23__ch10__nav_sage_v2__ingestion_20260825_event_path_v1,F1023_V70_D0122_P2,G23,10,2143,2,stage4_joint,multipath,1,confirmed_multipath,2026-01-22T08:32:12.880Z,Special Reflective,"railway, communication tower and vegetation",urban road near railway,23,LOW,264,46,1,0.11,1,1,1.3,0.13,1.27077223851e-07,38.0967932942,0.412962794995,0.412962794995,-4.01871024037,mean_relative_power_db,scenes/F1023_V70_D0122_P2/sage_results/nav_sage_v2/G23/stage4_joint_paths.csv,277266fdec5a0c163c7fbd63e59e89c6ade829b4bad1a154a09fbbb8cdfc57bd,8,complete
parameters_20260825_stage4_path_v1,stage4-confirmed-path-parameters-v1,F1023_V70_D0122_P2__G23__ch10__nav_sage_v2__ingestion_20260825_event_path_v1__event_877__path_2,F1023_V70_D0122_P2__G23__ch10__nav_sage_v2__ingestion_20260825_event_path_v1__event_877,F1023_V70_D0122_P2__G23__ch10__nav_sage_v2__ingestion_20260825_event_path_v1,F1023_V70_D0122_P2,G23,10,877,2,stage4_joint,multipath,1,confirmed_multipath,2026-01-22T08:31:17.520Z,Special Reflective,"railway, communication tower and vegetation",urban road near railway,23,LOW,264,40,1,0.47,1,1,1,0.1,9.77517106549e-08,29.3052256109,-35.5108553255,-35.5108553255,-8.91496196205,mean_relative_power_db,scenes/F1023_V70_D0122_P2/sage_results/nav_sage_v2/G23/stage4_joint_paths.csv,277266fdec5a0c163c7fbd63e59e89c6ade829b4bad1a154a09fbbb8cdfc57bd,10,complete
parameters_20260825_stage4_path_v1,stage4-confirmed-path-parameters-v1,F1023_V70_D0122_P2__G23__ch10__nav_sage_v2__ingestion_20260825_event_path_v1__event_878__path_2,F1023_V70_D0122_P2__G23__ch10__nav_sage_v2__ingestion_20260825_event_path_v1__event_878,F1023_V70_D0122_P2__G23__ch10__nav_sage_v2__ingestion_20260825_event_path_v1,F1023_V70_D0122_P2,G23,10,878,2,stage4_joint,multipath,1,confirmed_multipath,2026-01-22T08:31:17.540Z,Special Reflective,"railway, communication tower and vegetation",urban road near railway,23,LOW,264,40,1,0.45,1,1,1,0.1,9.77517106549e-08,29.3052256109,-40.1269691463,-40.1269691463,-12.0687041174,mean_relative_power_db,scenes/F1023_V70_D0122_P2/sage_results/nav_sage_v2/G23/stage4_joint_paths.csv,277266fdec5a0c163c7fbd63e59e89c6ade829b4bad1a154a09fbbb8cdfc57bd,12,complete
parameters_20260825_stage4_path_v1,stage4-confirmed-path-parameters-v1,F1023_V70_D0122_P2__G23__ch10__nav_sage_v2__ingestion_20260825_event_path_v1__event_888__path_2,F1023_V70_D0122_P2__G23__ch10__nav_sage_v2__ingestion_20260825_event_path_v1__event_888,F1023_V70_D0122_P2__G23__ch10__nav_sage_v2__ingestion_20260825_event_path_v1,F1023_V70_D0122_P2,G23,10,888,2,stage4_joint,multipath,1,confirmed_multipath,2026-01-22T08:31:17.740Z,Special Reflective,"railway, communication tower and vegetation",urban road near railway,23,LOW,264,40,1,0.25,1,1,1,0.1,9.77517106549e-08,29.3052256109,-21.288107347,-21.288107347,-8.08846445976,mean_relative_power_db,scenes/F1023_V70_D0122_P2/sage_results/nav_sage_v2/G23/stage4_joint_paths.csv,277266fdec5a0c163c7fbd63e59e89c6ade829b4bad1a154a09fbbb8cdfc57bd,14,complete
parameters_20260825_stage4_path_v1,stage4-confirmed-path-parameters-v1,F1023_V70_D0122_P2__G23__ch10__nav_sage_v2__ingestion_20260825_event_path_v1__event_891__path_2,F1023_V70_D0122_P2__G23__ch10__nav_sage_v2__ingestion_20260825_event_path_v1__event_891,F1023_V70_D0122_P2__G23__ch10__nav_sage_v2__ingestion_20260825_event_path_v1,F1023_V70_D0122_P2,G23,10,891,2,stage4_joint,multipath,1,confirmed_multipath,2026-01-22T08:31:17.800Z,Special Reflective,"railway, communication tower and vegetation",urban road near railway,23,LOW,264,40,1,0.19,1,1,1.6,0.16,1.56402737048e-07,46.8883609775,-45.1364488073,-45.1364488073,-14.5561429263,mean_relative_power_db,scenes/F1023_V70_D0122_P2/sage_results/nav_sage_v2/G23/stage4_joint_paths.csv,277266fdec5a0c163c7fbd63e59e89c6ade829b4bad1a154a09fbbb8cdfc57bd,16,complete
parameters_20260825_stage4_path_v1,stage4-confirmed-path-parameters-v1,F1023_V70_D0122_P2__G24__ch3__nav_sage_v2__ingestion_20260825_event_path_v1__event_2198__path_2,F1023_V70_D0122_P2__G24__ch3__nav_sage_v2__ingestion_20260825_event_path_v1__event_2198,F1023_V70_D0122_P2__G24__ch3__nav_sage_v2__ingestion_20260825_event_path_v1,F1023_V70_D0122_P2,G24,3,2198,2,stage4_joint,multipath,1,confirmed_multipath,2026-01-22T08:31:43.940Z,Special Reflective,"railway, communication tower and vegetation",urban road near railway,,,,,0,17.05,1,0,1,0.1,9.77517106549e-08,29.3052256109,-33.7908555538,-33.7908555538,-18.6489637981,mean_relative_power_db,scenes/F1023_V70_D0122_P2/sage_results/nav_sage_v2/G24/stage4_joint_paths.csv,b1c0eea5491d6a2db758374cbb79d4fda6c58af4f95e99692b14545e0ee9def7,3,complete
parameters_20260825_stage4_path_v1,stage4-confirmed-path-parameters-v1,F1023_V70_D0122_P2__G24__ch3__nav_sage_v2__ingestion_20260825_event_path_v1__event_2198__path_3,F1023_V70_D0122_P2__G24__ch3__nav_sage_v2__ingestion_20260825_event_path_v1__event_2198,F1023_V70_D0122_P2__G24__ch3__nav_sage_v2__ingestion_20260825_event_path_v1,F1023_V70_D0122_P2,G24,3,2198,3,stage4_joint,multipath,1,confirmed_multipath,2026-01-22T08:31:43.940Z,Special Reflective,"railway, communication tower and vegetation",urban road near railway,,,,,0,17.05,1,0,2.4,0.24,2.34604105572e-07,70.3325414663,36.2091444462,36.2091444462,-17.3685293796,mean_relative_power_db,scenes/F1023_V70_D0122_P2/sage_results/nav_sage_v2/G24/stage4_joint_paths.csv,b1c0eea5491d6a2db758374cbb79d4fda6c58af4f95e99692b14545e0ee9def7,4,complete
parameters_20260825_stage4_path_v1,stage4-confirmed-path-parameters-v1,F1023_V70_D0122_P2__G24__ch3__nav_sage_v2__ingestion_20260825_event_path_v1__event_2199__path_2,F1023_V70_D0122_P2__G24__ch3__nav_sage_v2__ingestion_20260825_event_path_v1__event_2199,F1023_V70_D0122_P2__G24__ch3__nav_sage_v2__ingestion_20260825_event_path_v1,F1023_V70_D0122_P2,G24,3,2199,2,stage4_joint,multipath,1,confirmed_multipath,2026-01-22T08:31:43.960Z,Special Reflective,"railway, communication tower and vegetation",urban road near railway,,,,,0,17.03,1,0,1.1,0.11,1.0752688172e-07,32.235748172,-8.79129394688,-8.79129394688,-8.79242917662,mean_relative_power_db,scenes/F1023_V70_D0122_P2/sage_results/nav_sage_v2/G24/stage4_joint_paths.csv,b1c0eea5491d6a2db758374cbb79d4fda6c58af4f95e99692b14545e0ee9def7,6,complete
parameters_20260825_stage4_path_v1,stage4-confirmed-path-parameters-v1,F1023_V70_D0122_P2__G24__ch3__nav_sage_v2__ingestion_20260825_event_path_v1__event_2197__path_2,F1023_V70_D0122_P2__G24__ch3__nav_sage_v2__ingestion_20260825_event_path_v1__event_2197,F1023_V70_D0122_P2__G24__ch3__nav_sage_v2__ingestion_20260825_event_path_v1,F1023_V70_D0122_P2,G24,3,2197,2,stage4_joint,multipath,1,confirmed_multipath,2026-01-22T08:31:43.920Z,Special Reflective,"railway, communication tower and vegetation",urban road near railway,,,,,0,17.07,1,0,1.6,0.16,1.56402737048e-07,46.8883609775,-38.7904171608,-38.7904171608,-13.0362397458,mean_relative_power_db,scenes/F1023_V70_D0122_P2/sage_results/nav_sage_v2/G24/stage4_joint_paths.csv,b1c0eea5491d6a2db758374cbb79d4fda6c58af4f95e99692b14545e0ee9def7,8,complete
parameters_20260825_stage4_path_v1,stage4-confirmed-path-parameters-v1,F1023_V70_D0122_P2__G24__ch3__nav_sage_v2__ingestion_20260825_event_path_v1__event_3071__path_2,F1023_V70_D0122_P2__G24__ch3__nav_sage_v2__ingestion_20260825_event_path_v1__event_3071,F1023_V70_D0122_P2__G24__ch3__nav_sage_v2__ingestion_20260825_event_path_v1,F1023_V70_D0122_P2,G24,3,3071,2,stage4_joint,multipath,1,confirmed_multipath,2026-01-22T08:32:01.400Z,Special Reflective,"railway, communication tower and vegetation",urban road near railway,74,HIGH,279,47,1,0.41,1,1,1.1,0.11,1.0752688172e-07,32.235748172,-26.590890813,-26.590890813,-13.6777357721,mean_relative_power_db,scenes/F1023_V70_D0122_P2/sage_results/nav_sage_v2/G24/stage4_joint_paths.csv,b1c0eea5491d6a2db758374cbb79d4fda6c58af4f95e99692b14545e0ee9def7,10,complete
parameters_20260825_stage4_path_v1,stage4-confirmed-path-parameters-v1,F1023_V70_D0122_P2__G24__ch3__nav_sage_v2__ingestion_20260825_event_path_v1__event_1493__path_2,F1023_V70_D0122_P2__G24__ch3__nav_sage_v2__ingestion_20260825_event_path_v1__event_1493,F1023_V70_D0122_P2__G24__ch3__nav_sage_v2__ingestion_20260825_event_path_v1,F1023_V70_D0122_P2,G24,3,1493,2,stage4_joint,multipath,1,confirmed_multipath,2026-01-22T08:31:29.840Z,Special Reflective,"railway, communication tower and vegetation",urban road near railway,,,,,0,5.85,1,0,1.2,0.12,1.17302052786e-07,35.1662707331,-38.4817884543,-38.4817884543,-18.561922086,mean_relative_power_db,scenes/F1023_V70_D0122_P2/sage_results/nav_sage_v2/G24/stage4_joint_paths.csv,b1c0eea5491d6a2db758374cbb79d4fda6c58af4f95e99692b14545e0ee9def7,14,complete
parameters_20260825_stage4_path_v1,stage4-confirmed-path-parameters-v1,F1023_V80_D0117_P8__G28__ch6__nav_sage_v2__ingestion_20260825_event_path_v1__event_432__path_2,F1023_V80_D0117_P8__G28__ch6__nav_sage_v2__ingestion_20260825_event_path_v1__event_432,F1023_V80_D0117_P8__G28__ch6__nav_sage_v2__ingestion_20260825_event_path_v1,F1023_V80_D0117_P8,G28,6,432,2,stage4_joint,multipath,1,confirmed_multipath,2026-01-17T12:40:56.620Z,Highway/Open,open road,open road,50,MID,297,45,1,0.37,1,1,1.1,0.11,1.0752688172e-07,32.235748172,35.8854807459,35.8854807459,-15.9704869274,mean_relative_power_db,scenes/F1023_V80_D0117_P8/sage_results/nav_sage_v2/G28/stage4_joint_paths.csv,196be526c2dcc05ac7d6686f0e2b87efed74834f2e8c11eb0e4770d85b058eca,4,complete
parameters_20260825_stage4_path_v1,stage4-confirmed-path-parameters-v1,F1023_V80_D0117_P8__G28__ch6__nav_sage_v2__ingestion_20260825_event_path_v1__event_433__path_2,F1023_V80_D0117_P8__G28__ch6__nav_sage_v2__ingestion_20260825_event_path_v1__event_433,F1023_V80_D0117_P8__G28__ch6__nav_sage_v2__ingestion_20260825_event_path_v1,F1023_V80_D0117_P8,G28,6,433,2,stage4_joint,multipath,1,confirmed_multipath,2026-01-17T12:40:56.640Z,Highway/Open,open road,open road,50,MID,297,45,1,0.35,1,1,1.7,0.17,1.66177908113e-07,49.8188835386,31.0476861742,31.0476861742,-15.4362729205,mean_relative_power_db,scenes/F1023_V80_D0117_P8/sage_results/nav_sage_v2/G28/stage4_joint_paths.csv,196be526c2dcc05ac7d6686f0e2b87efed74834f2e8c11eb0e4770d85b058eca,6,complete
parameters_20260825_stage4_path_v1,stage4-confirmed-path-parameters-v1,F1023_V80_D0117_P8__G28__ch6__nav_sage_v2__ingestion_20260825_event_path_v1__event_434__path_2,F1023_V80_D0117_P8__G28__ch6__nav_sage_v2__ingestion_20260825_event_path_v1__event_434,F1023_V80_D0117_P8__G28__ch6__nav_sage_v2__ingestion_20260825_event_path_v1,F1023_V80_D0117_P8,G28,6,434,2,stage4_joint,multipath,1,confirmed_multipath,2026-01-17T12:40:56.660Z,Highway/Open,open road,open road,50,MID,297,45,1,0.33,1,1,1.1,0.11,1.0752688172e-07,32.235748172,31.2098916025,31.2098916025,-16.088378962,mean_relative_power_db,scenes/F1023_V80_D0117_P8/sage_results/nav_sage_v2/G28/stage4_joint_paths.csv,196be526c2dcc05ac7d6686f0e2b87efed74834f2e8c11eb0e4770d85b058eca,9,complete
parameters_20260825_stage4_path_v1,stage4-confirmed-path-parameters-v1,F1023_V80_D0117_P8__G29__ch9__nav_sage_v2__ingestion_20260825_event_path_v1__event_733__path_2,F1023_V80_D0117_P8__G29__ch9__nav_sage_v2__ingestion_20260825_event_path_v1__event_733,F1023_V80_D0117_P8__G29__ch9__nav_sage_v2__ingestion_20260825_event_path_v1,F1023_V80_D0117_P8,G29,9,733,2,stage4_joint,multipath,1,confirmed_multipath,2026-01-17T12:41:02.640Z,Highway/Open,open road,open road,67,HIGH,209,44,1,0.35,1,1,1,0.1,9.77517106549e-08,29.3052256109,15.6611319262,15.6611319262,-12.5906314685,mean_relative_power_db,scenes/F1023_V80_D0117_P8/sage_results/nav_sage_v2/G29/stage4_joint_paths.csv,a05e6fb9abe3bf5bec1c350b97b93ebbf599a6a6af5a9fbcbb4e94971901e9c9,10,complete
parameters_20260825_stage4_path_v1,stage4-confirmed-path-parameters-v1,F1023_v90_D0117_P7__G25__ch0__nav_sage_v2__ingestion_20260825_event_path_v1__event_47__path_2,F1023_v90_D0117_P7__G25__ch0__nav_sage_v2__ingestion_20260825_event_path_v1__event_47,F1023_v90_D0117_P7__G25__ch0__nav_sage_v2__ingestion_20260825_event_path_v1,F1023_v90_D0117_P7,G25,0,47,2,stage4_joint,multipath,1,confirmed_multipath,2026-01-17T12:37:00.920Z,Mountain/Valley,open mountain winding road,open mountain winding road,80,HIGH,57,48,1,1.07,1,1,1.1,0.11,1.0752688172e-07,32.235748172,9.66430209529,9.66430209529,-10.1780500244,mean_relative_power_db,scenes/F1023_v90_D0117_P7/sage_results/nav_sage_v2/G25/stage4_joint_paths.csv,a231c10582509c5944c54938eba0953f8d1003d74ff41a01431b5e7597bc62ed,5,complete
parameters_20260825_stage4_path_v1,stage4-confirmed-path-parameters-v1,F1023_v90_D0117_P7__G25__ch0__nav_sage_v2__ingestion_20260825_event_path_v1__event_84__path_2,F1023_v90_D0117_P7__G25__ch0__nav_sage_v2__ingestion_20260825_event_path_v1__event_84,F1023_v90_D0117_P7__G25__ch0__nav_sage_v2__ingestion_20260825_event_path_v1,F1023_v90_D0117_P7,G25,0,84,2,stage4_joint,multipath,1,confirmed_multipath,2026-01-17T12:37:01.660Z,Mountain/Valley,open mountain winding road,open mountain winding road,80,HIGH,57,48,1,0.33,1,1,1,0.1,9.77517106549e-08,29.3052256109,14.6643020953,14.6643020953,-11.4893364497,mean_relative_power_db,scenes/F1023_v90_D0117_P7/sage_results/nav_sage_v2/G25/stage4_joint_paths.csv,a231c10582509c5944c54938eba0953f8d1003d74ff41a01431b5e7597bc62ed,7,complete
parameters_20260825_stage4_path_v1,stage4-confirmed-path-parameters-v1,F1023_v90_D0117_P7__G28__ch4__nav_sage_v2__ingestion_20260825_event_path_v1__event_9__path_2,F1023_v90_D0117_P7__G28__ch4__nav_sage_v2__ingestion_20260825_event_path_v1__event_9,F1023_v90_D0117_P7__G28__ch4__nav_sage_v2__ingestion_20260825_event_path_v1,F1023_v90_D0117_P7,G28,4,9,2,stage4_joint,multipath,1,confirmed_multipath,2026-01-17T12:37:30.160Z,Mountain/Valley,open mountain winding road,open mountain winding road,49,MID,299,45,1,0.83,1,1,1.1,0.11,1.0752688172e-07,32.235748172,-5.20234681079,-5.20234681079,-6.87295082669,mean_relative_power_db,scenes/F1023_v90_D0117_P7/sage_results/nav_sage_v2/G28/stage4_joint_paths.csv,69963590a85f730cfd2b7d5b800f3024540938112b88c00cf2c46543f7ef02a2,5,complete
parameters_20260825_stage4_path_v1,stage4-confirmed-path-parameters-v1,F1023_v90_D0117_P7__G32__ch5__nav_sage_v2__ingestion_20260825_event_path_v1__event_150__path_2,F1023_v90_D0117_P7__G32__ch5__nav_sage_v2__ingestion_20260825_event_path_v1__event_150,F1023_v90_D0117_P7__G32__ch5__nav_sage_v2__ingestion_20260825_event_path_v1,F1023_v90_D0117_P7,G32,5,150,2,stage4_joint,multipath,1,confirmed_multipath,2026-01-17T12:37:02.980Z,Mountain/Valley,open mountain winding road,open mountain winding road,22,LOW,243,44,1,0.01,1,1,1.2,0.12,1.17302052786e-07,35.1662707331,-8.18217176609,-8.18217176609,0.036341332758,mean_relative_power_db,scenes/F1023_v90_D0117_P7/sage_results/nav_sage_v2/G32/stage4_joint_paths.csv,e037160805c5c5c3b88abc720b43d26b340a06cc85f51d9b12c2ca06dc2ce18f,6,complete
parameters_20260825_stage4_path_v1,stage4-confirmed-path-parameters-v1,F1023_v90_D0117_P7__G32__ch5__nav_sage_v2__ingestion_20260825_event_path_v1__event_148__path_2,F1023_v90_D0117_P7__G32__ch5__nav_sage_v2__ingestion_20260825_event_path_v1__event_148,F1023_v90_D0117_P7__G32__ch5__nav_sage_v2__ingestion_20260825_event_path_v1,F1023_v90_D0117_P7,G32,5,148,2,stage4_joint,multipath,1,confirmed_multipath,2026-01-17T12:37:02.940Z,Mountain/Valley,open mountain winding road,open mountain winding road,22,LOW,243,44,1,0.05,1,1,1.2,0.12,1.17302052786e-07,35.1662707331,-7.76908860874,-7.76908860874,-3.72939563502,mean_relative_power_db,scenes/F1023_v90_D0117_P7/sage_results/nav_sage_v2/G32/stage4_joint_paths.csv,e037160805c5c5c3b88abc720b43d26b340a06cc85f51d9b12c2ca06dc2ce18f,8,complete
parameters_20260825_stage4_path_v1,stage4-confirmed-path-parameters-v1,F1023_v90_D0117_P7__G32__ch5__nav_sage_v2__ingestion_20260825_event_path_v1__event_149__path_2,F1023_v90_D0117_P7__G32__ch5__nav_sage_v2__ingestion_20260825_event_path_v1__event_149,F1023_v90_D0117_P7__G32__ch5__nav_sage_v2__ingestion_20260825_event_path_v1,F1023_v90_D0117_P7,G32,5,149,2,stage4_joint,multipath,1,confirmed_multipath,2026-01-17T12:37:02.960Z,Mountain/Valley,open mountain winding road,open mountain winding road,22,LOW,243,44,1,0.03,1,1,1.2,0.12,1.17302052786e-07,35.1662707331,-2.97563018742,-2.97563018742,-2.36883826084,mean_relative_power_db,scenes/F1023_v90_D0117_P7/sage_results/nav_sage_v2/G32/stage4_joint_paths.csv,e037160805c5c5c3b88abc720b43d26b340a06cc85f51d9b12c2ca06dc2ce18f,10,complete
parameters_20260825_stage4_path_v1,stage4-confirmed-path-parameters-v1,F1023_v90_D0117_P7__G32__ch5__nav_sage_v2__ingestion_20260825_event_path_v1__event_1543__path_2,F1023_v90_D0117_P7__G32__ch5__nav_sage_v2__ingestion_20260825_event_path_v1__event_1543,F1023_v90_D0117_P7__G32__ch5__nav_sage_v2__ingestion_20260825_event_path_v1,F1023_v90_D0117_P7,G32,5,1543,2,stage4_joint,multipath,1,confirmed_multipath,2026-01-17T12:37:30.840Z,Mountain/Valley,open mountain winding road,open mountain winding road,22,LOW,243,42,1,0.15,1,1,1.3,0.13,1.27077223851e-07,38.0967932942,-1.59998155962,-1.59998155962,1.37990260508,mean_relative_power_db,scenes/F1023_v90_D0117_P7/sage_results/nav_sage_v2/G32/stage4_joint_paths.csv,e037160805c5c5c3b88abc720b43d26b340a06cc85f51d9b12c2ca06dc2ce18f,13,complete
parameters_20260825_stage4_path_v1,stage4-confirmed-path-parameters-v1,F1023_V70_D0117_P2__G11__ch5__nav_sage_v2__ingestion_20260825_event_path_v1__event_640__path_2,F1023_V70_D0117_P2__G11__ch5__nav_sage_v2__ingestion_20260825_event_path_v1__event_640,F1023_V70_D0117_P2__G11__ch5__nav_sage_v2__ingestion_20260825_event_path_v1,F1023_V70_D0117_P2,G11,5,640,2,stage4_joint,multipath,1,confirmed_multipath,2026-01-17T11:48:30.780Z,Mountain/Valley,valley terrain,valley road,31,MID,95,46,1,0.22,1,1,1.1,0.11,1.0752688172e-07,32.235748172,-10.0131071441,-10.0131071441,-7.40707303905,mean_relative_power_db,scenes/F1023_V70_D0117_P2/sage_results/nav_sage_v2/G11/stage4_joint_paths.csv,bb170d7acd85137ccfddb7f8ca27030b3fa24ac42f99402eb88e523c1339d463,6,complete
parameters_20260825_stage4_path_v1,stage4-confirmed-path-parameters-v1,F1023_V70_D0117_P2__G12__ch6__nav_sage_v2__ingestion_20260825_event_path_v1__event_970__path_2,F1023_V70_D0117_P2__G12__ch6__nav_sage_v2__ingestion_20260825_event_path_v1__event_970,F1023_V70_D0117_P2__G12__ch6__nav_sage_v2__ingestion_20260825_event_path_v1,F1023_V70_D0117_P2,G12,6,970,2,stage4_joint,multipath,1,confirmed_multipath,2026-01-17T11:48:37.380Z,Mountain/Valley,valley terrain,valley road,59,MID,71,49,1,0.38,1,1,1.1,0.11,1.0752688172e-07,32.235748172,24.4273194847,24.4273194847,-15.9205381372,mean_relative_power_db,scenes/F1023_V70_D0117_P2/sage_results/nav_sage_v2/G12/stage4_joint_paths.csv,3316c643e49ebf7e24920addced7f2e1d997a5e81ebe07076f9d8c484bd28d35,4,complete
parameters_20260825_stage4_path_v1,stage4-confirmed-path-parameters-v1,F1023_V70_D0117_P2__G12__ch6__nav_sage_v2__ingestion_20260825_event_path_v1__event_971__path_2,F1023_V70_D0117_P2__G12__ch6__nav_sage_v2__ingestion_20260825_event_path_v1__event_971,F1023_V70_D0117_P2__G12__ch6__nav_sage_v2__ingestion_20260825_event_path_v1,F1023_V70_D0117_P2,G12,6,971,2,stage4_joint,multipath,1,confirmed_multipath,2026-01-17T11:48:37.400Z,Mountain/Valley,valley terrain,valley road,59,MID,71,49,1,0.4,1,1,1.1,0.11,1.0752688172e-07,32.235748172,-0.599714753363,-0.599714753363,-5.11357332638,mean_relative_power_db,scenes/F1023_V70_D0117_P2/sage_results/nav_sage_v2/G12/stage4_joint_paths.csv,3316c643e49ebf7e24920addced7f2e1d997a5e81ebe07076f9d8c484bd28d35,6,complete
parameters_20260825_stage4_path_v1,stage4-confirmed-path-parameters-v1,F1023_V70_D0117_P2__G29__ch7__nav_sage_v2__ingestion_20260825_event_path_v1__event_80__path_2,F1023_V70_D0117_P2__G29__ch7__nav_sage_v2__ingestion_20260825_event_path_v1__event_80,F1023_V70_D0117_P2__G29__ch7__nav_sage_v2__ingestion_20260825_event_path_v1,F1023_V70_D0117_P2,G29,7,80,2,stage4_joint,multipath,1,confirmed_multipath,2026-01-17T11:48:19.580Z,Mountain/Valley,valley terrain,valley road,41,MID,204,46,1,1.42,1,1,1.1,0.11,1.0752688172e-07,32.235748172,-5.33569790472,-5.33569790472,-3.15175805378,mean_relative_power_db,scenes/F1023_V70_D0117_P2/sage_results/nav_sage_v2/G29/stage4_joint_paths.csv,6ff31aca5407424de8f08b6277abc113f3e82020f6ccc27ae6580759ac6b8c2d,3,complete
parameters_20260825_stage4_path_v1,stage4-confirmed-path-parameters-v1,F1023_V70_D0117_P2__G32__ch11__nav_sage_v2__ingestion_20260825_event_path_v1__event_82__path_2,F1023_V70_D0117_P2__G32__ch11__nav_sage_v2__ingestion_20260825_event_path_v1__event_82,F1023_V70_D0117_P2__G32__ch11__nav_sage_v2__ingestion_20260825_event_path_v1,F1023_V70_D0117_P2,G32,11,82,2,stage4_joint,multipath,1,confirmed_multipath,2026-01-17T11:48:19.620Z,Mountain/Valley,valley terrain,valley road,36,MID,265,48,1,1.38,1,1,1.1,0.11,1.0752688172e-07,32.235748172,19.6643020953,19.6643020953,-11.3788478129,mean_relative_power_db,scenes/F1023_V70_D0117_P2/sage_results/nav_sage_v2/G32/stage4_joint_paths.csv,c777d5fe463c726f9b91dd2fc9765dc6c9ffc6cadf817805b9397172b98b184b,4,complete
parameters_20260825_stage4_path_v1,stage4-confirmed-path-parameters-v1,F1023_V70_D0117_P2__G32__ch11__nav_sage_v2__ingestion_20260825_event_path_v1__event_82__path_3,F1023_V70_D0117_P2__G32__ch11__nav_sage_v2__ingestion_20260825_event_path_v1__event_82,F1023_V70_D0117_P2__G32__ch11__nav_sage_v2__ingestion_20260825_event_path_v1,F1023_V70_D0117_P2,G32,11,82,3,stage4_joint,multipath,1,confirmed_multipath,2026-01-17T11:48:19.620Z,Mountain/Valley,valley terrain,valley road,36,MID,265,48,1,1.38,1,1,2.5,0.25,2.44379276637e-07,73.2630640274,-65.3356979047,-65.3356979047,-19.5141130729,mean_relative_power_db,scenes/F1023_V70_D0117_P2/sage_results/nav_sage_v2/G32/stage4_joint_paths.csv,c777d5fe463c726f9b91dd2fc9765dc6c9ffc6cadf817805b9397172b98b184b,5,complete
parameters_20260825_stage4_path_v1,stage4-confirmed-path-parameters-v1,F1023_V70_D0117_P2__G32__ch11__nav_sage_v2__ingestion_20260825_event_path_v1__event_84__path_2,F1023_V70_D0117_P2__G32__ch11__nav_sage_v2__ingestion_20260825_event_path_v1__event_84,F1023_V70_D0117_P2__G32__ch11__nav_sage_v2__ingestion_20260825_event_path_v1,F1023_V70_D0117_P2,G32,11,84,2,stage4_joint,multipath,1,confirmed_multipath,2026-01-17T11:48:19.660Z,Mountain/Valley,valley terrain,valley road,36,MID,265,48,1,1.34,1,1,1.1,0.11,1.0752688172e-07,32.235748172,14.6643020953,14.6643020953,-8.83634983939,mean_relative_power_db,scenes/F1023_V70_D0117_P2/sage_results/nav_sage_v2/G32/stage4_joint_paths.csv,c777d5fe463c726f9b91dd2fc9765dc6c9ffc6cadf817805b9397172b98b184b,7,complete
