"run_id","scene_id","prn","tracking_channel","mapping_warning","execution_status","matlab_exit_code","stage0_valid_nav_symbols","stage0_valid_40ms_windows","stage1_scanned_windows","stage2_evaluated_windows","stage2_selected_path_count","direct_path_count","stage2_mpc_count","stage3_persistence_row_count","stage3_persistent_mpc_count","stage4_joint_result_count","stage4_confirmed_mpc_count","output_namespace","frozen_sage_sha256","failure_reason"
"run_20261003_F1023_V70_D0117_P2_G28_ch1","F1023_V70_D0117_P2","G28","1","NONE","ALREADY_COMPLETE","0","900","898","898","54","77","54","23","23","7","2","0","scenes\F1023_V70_D0117_P2\sage_results\rerun_20261003_frozen_v3\G28_ch1","bffc123c97af77f0a797f417d3866e9a34feab7729c5c1575352f53bc3571b9c",""
"run_20261003_F1023_V120_D0121_P2_G03_ch2","F1023_V120_D0121_P2","G03","2","NONE","COMPLETE","0","232","230","230","96","142","96","46","46","9","8","0","scenes\F1023_V120_D0121_P2\sage_results\rerun_20261003_frozen_v3\G03_ch2","bffc123c97af77f0a797f417d3866e9a34feab7729c5c1575352f53bc3571b9c",""
"run_20261003_F1023_V120_D0121_P2_G06_ch6","F1023_V120_D0121_P2","G06","6","NAV_MAPPING_VALID_TRACKING_START_LOG_MISSING","PENDING","","","","","","","","","","","","","scenes\F1023_V120_D0121_P2\sage_results\rerun_20261003_frozen_v3\G06_ch6","bffc123c97af77f0a797f417d3866e9a34feab7729c5c1575352f53bc3571b9c",""
"run_20261003_F1023_V120_D0121_P2_G06_ch9","F1023_V120_D0121_P2","G06","9","NONE","COMPLETE","0","25363","25353","25353","61","66","61","5","5","0","0","0","scenes\F1023_V120_D0121_P2\sage_results\rerun_20261003_frozen_v3\G06_ch9","bffc123c97af77f0a797f417d3866e9a34feab7729c5c1575352f53bc3571b9c",""
"run_20261003_F1023_V120_D0121_P2_G11_ch0","F1023_V120_D0121_P2","G11","0","NONE","COMPLETE","0","15224","15210","15210","67","71","67","4","4","0","0","0","scenes\F1023_V120_D0121_P2\sage_results\rerun_20261003_frozen_v3\G11_ch0","bffc123c97af77f0a797f417d3866e9a34feab7729c5c1575352f53bc3571b9c",""
"run_20261003_F1023_V120_D0121_P2_G12_ch5","F1023_V120_D0121_P2","G12","5","NAV_MAPPING_VALID_TRACKING_START_LOG_MISSING","PENDING","","","","","","","","","","","","","scenes\F1023_V120_D0121_P2\sage_results\rerun_20261003_frozen_v3\G12_ch5","bffc123c97af77f0a797f417d3866e9a34feab7729c5c1575352f53bc3571b9c",""
"run_20261003_F1023_V120_D0121_P2_G12_ch11","F1023_V120_D0121_P2","G12","11","NONE","PENDING","","","","","","","","","","","","","scenes\F1023_V120_D0121_P2\sage_results\rerun_20261003_frozen_v3\G12_ch11","bffc123c97af77f0a797f417d3866e9a34feab7729c5c1575352f53bc3571b9c",""
"run_20261003_F1023_V120_D0121_P2_G19_ch0","F1023_V120_D0121_P2","G19","0","NONE","PENDING","","","","","","","","","","","","","scenes\F1023_V120_D0121_P2\sage_results\rerun_20261003_frozen_v3\G19_ch0","bffc123c97af77f0a797f417d3866e9a34feab7729c5c1575352f53bc3571b9c",""
"run_20261003_F1023_V120_D0121_P2_G19_ch1","F1023_V120_D0121_P2","G19","1","NONE","PENDING","","","","","","","","","","","","","scenes\F1023_V120_D0121_P2\sage_results\rerun_20261003_frozen_v3\G19_ch1","bffc123c97af77f0a797f417d3866e9a34feab7729c5c1575352f53bc3571b9c",""
"run_20261003_F1023_V120_D0121_P2_G19_ch3","F1023_V120_D0121_P2","G19","3","NONE","PENDING","","","","","","","","","","","","","scenes\F1023_V120_D0121_P2\sage_results\rerun_20261003_frozen_v3\G19_ch3","bffc123c97af77f0a797f417d3866e9a34feab7729c5c1575352f53bc3571b9c",""
"run_20261003_F1023_V120_D0121_P2_G24_ch2","F1023_V120_D0121_P2","G24","2","NONE","PENDING","","","","","","","","","","","","","scenes\F1023_V120_D0121_P2\sage_results\rerun_20261003_frozen_v3\G24_ch2","bffc123c97af77f0a797f417d3866e9a34feab7729c5c1575352f53bc3571b9c",""
"run_20261003_F1023_V120_D0121_P2_G25_ch5","F1023_V120_D0121_P2","G25","5","NONE","PENDING","","","","","","","","","","","","","scenes\F1023_V120_D0121_P2\sage_results\rerun_20261003_frozen_v3\G25_ch5","bffc123c97af77f0a797f417d3866e9a34feab7729c5c1575352f53bc3571b9c",""
"run_20261003_F1023_V120_D0121_P2_G28_ch6","F1023_V120_D0121_P2","G28","6","NONE","PENDING","","","","","","","","","","","","","scenes\F1023_V120_D0121_P2\sage_results\rerun_20261003_frozen_v3\G28_ch6","bffc123c97af77f0a797f417d3866e9a34feab7729c5c1575352f53bc3571b9c",""
"run_20261003_F1023_V120_D0121_P2_G29_ch3","F1023_V120_D0121_P2","G29","3","NONE","PENDING","","","","","","","","","","","","","scenes\F1023_V120_D0121_P2\sage_results\rerun_20261003_frozen_v3\G29_ch3","bffc123c97af77f0a797f417d3866e9a34feab7729c5c1575352f53bc3571b9c",""
"run_20261003_F1023_V120_D0121_P2_G29_ch10","F1023_V120_D0121_P2","G29","10","NONE","PENDING","","","","","","","","","","","","","scenes\F1023_V120_D0121_P2\sage_results\rerun_20261003_frozen_v3\G29_ch10","bffc123c97af77f0a797f417d3866e9a34feab7729c5c1575352f53bc3571b9c",""
"run_20261003_F1023_V120_D0121_P2_G32_ch7","F1023_V120_D0121_P2","G32","7","NONE","PENDING","","","","","","","","","","","","","scenes\F1023_V120_D0121_P2\sage_results\rerun_20261003_frozen_v3\G32_ch7","bffc123c97af77f0a797f417d3866e9a34feab7729c5c1575352f53bc3571b9c",""
"run_20261003_F1023_v50_D0127_P1_G11_ch10","F1023_v50_D0127_P1","G11","10","NONE","PENDING","","","","","","","","","","","","","scenes\F1023_v50_D0127_P1\sage_results\rerun_20261003_frozen_v3\G11_ch10","bffc123c97af77f0a797f417d3866e9a34feab7729c5c1575352f53bc3571b9c",""
"run_20261003_F1023_v50_D0127_P1_G25_ch0","F1023_v50_D0127_P1","G25","0","NONE","PENDING","","","","","","","","","","","","","scenes\F1023_v50_D0127_P1\sage_results\rerun_20261003_frozen_v3\G25_ch0","bffc123c97af77f0a797f417d3866e9a34feab7729c5c1575352f53bc3571b9c",""
"run_20261003_F1023_v50_D0127_P1_G28_ch4","F1023_v50_D0127_P1","G28","4","NONE","PENDING","","","","","","","","","","","","","scenes\F1023_v50_D0127_P1\sage_results\rerun_20261003_frozen_v3\G28_ch4","bffc123c97af77f0a797f417d3866e9a34feab7729c5c1575352f53bc3571b9c",""
"run_20261003_F1023_v50_D0127_P1_G29_ch9","F1023_v50_D0127_P1","G29","9","NONE","PENDING","","","","","","","","","","","","","scenes\F1023_v50_D0127_P1\sage_results\rerun_20261003_frozen_v3\G29_ch9","bffc123c97af77f0a797f417d3866e9a34feab7729c5c1575352f53bc3571b9c",""
"run_20261003_F1023_v50_D0127_P1_G31_ch5","F1023_v50_D0127_P1","G31","5","NONE","PENDING","","","","","","","","","","","","","scenes\F1023_v50_D0127_P1\sage_results\rerun_20261003_frozen_v3\G31_ch5","bffc123c97af77f0a797f417d3866e9a34feab7729c5c1575352f53bc3571b9c",""
"run_20261003_F1023_V70_D0117_P2_G06_ch4","F1023_V70_D0117_P2","G06","4","NONE","PENDING","","","","","","","","","","","","","scenes\F1023_V70_D0117_P2\sage_results\rerun_20261003_frozen_v3\G06_ch4","bffc123c97af77f0a797f417d3866e9a34feab7729c5c1575352f53bc3571b9c",""
"run_20261003_F1023_V70_D0117_P2_G11_ch5","F1023_V70_D0117_P2","G11","5","NONE","PENDING","","","","","","","","","","","","","scenes\F1023_V70_D0117_P2\sage_results\rerun_20261003_frozen_v3\G11_ch5","bffc123c97af77f0a797f417d3866e9a34feab7729c5c1575352f53bc3571b9c",""
"run_20261003_F1023_V70_D0117_P2_G12_ch6","F1023_V70_D0117_P2","G12","6","NONE","PENDING","","","","","","","","","","","","","scenes\F1023_V70_D0117_P2\sage_results\rerun_20261003_frozen_v3\G12_ch6","bffc123c97af77f0a797f417d3866e9a34feab7729c5c1575352f53bc3571b9c",""
"run_20261003_F1023_V70_D0117_P2_G25_ch0","F1023_V70_D0117_P2","G25","0","NONE","PENDING","","","","","","","","","","","","","scenes\F1023_V70_D0117_P2\sage_results\rerun_20261003_frozen_v3\G25_ch0","bffc123c97af77f0a797f417d3866e9a34feab7729c5c1575352f53bc3571b9c",""
"run_20261003_F1023_V70_D0117_P2_G29_ch7","F1023_V70_D0117_P2","G29","7","NONE","PENDING","","","","","","","","","","","","","scenes\F1023_V70_D0117_P2\sage_results\rerun_20261003_frozen_v3\G29_ch7","bffc123c97af77f0a797f417d3866e9a34feab7729c5c1575352f53bc3571b9c",""
"run_20261003_F1023_V70_D0117_P2_G32_ch11","F1023_V70_D0117_P2","G32","11","NONE","PENDING","","","","","","","","","","","","","scenes\F1023_V70_D0117_P2\sage_results\rerun_20261003_frozen_v3\G32_ch11","bffc123c97af77f0a797f417d3866e9a34feab7729c5c1575352f53bc3571b9c",""
"run_20261003_F1023_V70_D0117_P4_G11_ch2","F1023_V70_D0117_P4","G11","2","NONE","PENDING","","","","","","","","","","","","","scenes\F1023_V70_D0117_P4\sage_results\rerun_20261003_frozen_v3\G11_ch2","bffc123c97af77f0a797f417d3866e9a34feab7729c5c1575352f53bc3571b9c",""
"run_20261003_F1023_V70_D0117_P4_G12_ch4","F1023_V70_D0117_P4","G12","4","NONE","PENDING","","","","","","","","","","","","","scenes\F1023_V70_D0117_P4\sage_results\rerun_20261003_frozen_v3\G12_ch4","bffc123c97af77f0a797f417d3866e9a34feab7729c5c1575352f53bc3571b9c",""
"run_20261003_F1023_V70_D0117_P4_G25_ch7","F1023_V70_D0117_P4","G25","7","NONE","PENDING","","","","","","","","","","","","","scenes\F1023_V70_D0117_P4\sage_results\rerun_20261003_frozen_v3\G25_ch7","bffc123c97af77f0a797f417d3866e9a34feab7729c5c1575352f53bc3571b9c",""
"run_20261003_F1023_V70_D0117_P4_G28_ch6","F1023_V70_D0117_P4","G28","6","NONE","PENDING","","","","","","","","","","","","","scenes\F1023_V70_D0117_P4\sage_results\rerun_20261003_frozen_v3\G28_ch6","bffc123c97af77f0a797f417d3866e9a34feab7729c5c1575352f53bc3571b9c",""
"run_20261003_F1023_V70_D0117_P4_G29_ch9","F1023_V70_D0117_P4","G29","9","NONE","PENDING","","","","","","","","","","","","","scenes\F1023_V70_D0117_P4\sage_results\rerun_20261003_frozen_v3\G29_ch9","bffc123c97af77f0a797f417d3866e9a34feab7729c5c1575352f53bc3571b9c",""
"run_20261003_F1023_V70_D0117_P4_G31_ch1","F1023_V70_D0117_P4","G31","1","NONE","PENDING","","","","","","","","","","","","","scenes\F1023_V70_D0117_P4\sage_results\rerun_20261003_frozen_v3\G31_ch1","bffc123c97af77f0a797f417d3866e9a34feab7729c5c1575352f53bc3571b9c",""
"run_20261003_F1023_V70_D0117_P4_G32_ch3","F1023_V70_D0117_P4","G32","3","NONE","PENDING","","","","","","","","","","","","","scenes\F1023_V70_D0117_P4\sage_results\rerun_20261003_frozen_v3\G32_ch3","bffc123c97af77f0a797f417d3866e9a34feab7729c5c1575352f53bc3571b9c",""
"run_20261003_F1023_V70_D0120_P1_G18_ch2","F1023_V70_D0120_P1","G18","2","NONE","PENDING","","","","","","","","","","","","","scenes\F1023_V70_D0120_P1\sage_results\rerun_20261003_frozen_v3\G18_ch2","bffc123c97af77f0a797f417d3866e9a34feab7729c5c1575352f53bc3571b9c",""
"run_20261003_F1023_V70_D0120_P1_G26_ch3","F1023_V70_D0120_P1","G26","3","NONE","PENDING","","","","","","","","","","","","","scenes\F1023_V70_D0120_P1\sage_results\rerun_20261003_frozen_v3\G26_ch3","bffc123c97af77f0a797f417d3866e9a34feab7729c5c1575352f53bc3571b9c",""
"run_20261003_F1023_V70_D0120_P1_G27_ch8","F1023_V70_D0120_P1","G27","8","NONE","PENDING","","","","","","","","","","","","","scenes\F1023_V70_D0120_P1\sage_results\rerun_20261003_frozen_v3\G27_ch8","bffc123c97af77f0a797f417d3866e9a34feab7729c5c1575352f53bc3571b9c",""
"run_20261003_F1023_V70_D0120_P1_G29_ch5","F1023_V70_D0120_P1","G29","5","NONE","PENDING","","","","","","","","","","","","","scenes\F1023_V70_D0120_P1\sage_results\rerun_20261003_frozen_v3\G29_ch5","bffc123c97af77f0a797f417d3866e9a34feab7729c5c1575352f53bc3571b9c",""
"run_20261003_F1023_V70_D0120_P1_G31_ch9","F1023_V70_D0120_P1","G31","9","NONE","PENDING","","","","","","","","","","","","","scenes\F1023_V70_D0120_P1\sage_results\rerun_20261003_frozen_v3\G31_ch9","bffc123c97af77f0a797f417d3866e9a34feab7729c5c1575352f53bc3571b9c",""
"run_20261003_F1023_V70_D0120_P5_G16_ch1","F1023_V70_D0120_P5","G16","1","NONE","PENDING","","","","","","","","","","","","","scenes\F1023_V70_D0120_P5\sage_results\rerun_20261003_frozen_v3\G16_ch1","bffc123c97af77f0a797f417d3866e9a34feab7729c5c1575352f53bc3571b9c",""
"run_20261003_F1023_V70_D0120_P5_G18_ch2","F1023_V70_D0120_P5","G18","2","NONE","PENDING","","","","","","","","","","","","","scenes\F1023_V70_D0120_P5\sage_results\rerun_20261003_frozen_v3\G18_ch2","bffc123c97af77f0a797f417d3866e9a34feab7729c5c1575352f53bc3571b9c",""
"run_20261003_F1023_V70_D0120_P5_G23_ch0","F1023_V70_D0120_P5","G23","0","NONE","PENDING","","","","","","","","","","","","","scenes\F1023_V70_D0120_P5\sage_results\rerun_20261003_frozen_v3\G23_ch0","bffc123c97af77f0a797f417d3866e9a34feab7729c5c1575352f53bc3571b9c",""
"run_20261003_F1023_V70_D0120_P5_G26_ch7","F1023_V70_D0120_P5","G26","7","NONE","PENDING","","","","","","","","","","","","","scenes\F1023_V70_D0120_P5\sage_results\rerun_20261003_frozen_v3\G26_ch7","bffc123c97af77f0a797f417d3866e9a34feab7729c5c1575352f53bc3571b9c",""
"run_20261003_F1023_V70_D0120_P5_G27_ch10","F1023_V70_D0120_P5","G27","10","NONE","PENDING","","","","","","","","","","","","","scenes\F1023_V70_D0120_P5\sage_results\rerun_20261003_frozen_v3\G27_ch10","bffc123c97af77f0a797f417d3866e9a34feab7729c5c1575352f53bc3571b9c",""
"run_20261003_F1023_V70_D0120_P7_G16_ch1","F1023_V70_D0120_P7","G16","1","NONE","PENDING","","","","","","","","","","","","","scenes\F1023_V70_D0120_P7\sage_results\rerun_20261003_frozen_v3\G16_ch1","bffc123c97af77f0a797f417d3866e9a34feab7729c5c1575352f53bc3571b9c",""
"run_20261003_F1023_V70_D0120_P7_G18_ch4","F1023_V70_D0120_P7","G18","4","NONE","PENDING","","","","","","","","","","","","","scenes\F1023_V70_D0120_P7\sage_results\rerun_20261003_frozen_v3\G18_ch4","bffc123c97af77f0a797f417d3866e9a34feab7729c5c1575352f53bc3571b9c",""
"run_20261003_F1023_V70_D0120_P7_G26_ch6","F1023_V70_D0120_P7","G26","6","NONE","PENDING","","","","","","","","","","","","","scenes\F1023_V70_D0120_P7\sage_results\rerun_20261003_frozen_v3\G26_ch6","bffc123c97af77f0a797f417d3866e9a34feab7729c5c1575352f53bc3571b9c",""
"run_20261003_F1023_V70_D0120_P7_G31_ch8","F1023_V70_D0120_P7","G31","8","NONE","PENDING","","","","","","","","","","","","","scenes\F1023_V70_D0120_P7\sage_results\rerun_20261003_frozen_v3\G31_ch8","bffc123c97af77f0a797f417d3866e9a34feab7729c5c1575352f53bc3571b9c",""
"run_20261003_F1023_V70_D0120_P8_G16_ch4","F1023_V70_D0120_P8","G16","4","NONE","PENDING","","","","","","","","","","","","","scenes\F1023_V70_D0120_P8\sage_results\rerun_20261003_frozen_v3\G16_ch4","bffc123c97af77f0a797f417d3866e9a34feab7729c5c1575352f53bc3571b9c",""
"run_20261003_F1023_V70_D0120_P8_G18_ch9","F1023_V70_D0120_P8","G18","9","NONE","PENDING","","","","","","","","","","","","","scenes\F1023_V70_D0120_P8\sage_results\rerun_20261003_frozen_v3\G18_ch9","bffc123c97af77f0a797f417d3866e9a34feab7729c5c1575352f53bc3571b9c",""
"run_20261003_F1023_V70_D0120_P8_G23_ch11","F1023_V70_D0120_P8","G23","11","NONE","PENDING","","","","","","","","","","","","","scenes\F1023_V70_D0120_P8\sage_results\rerun_20261003_frozen_v3\G23_ch11","bffc123c97af77f0a797f417d3866e9a34feab7729c5c1575352f53bc3571b9c",""
"run_20261003_F1023_V70_D0120_P8_G26_ch3","F1023_V70_D0120_P8","G26","3","NONE","PENDING","","","","","","","","","","","","","scenes\F1023_V70_D0120_P8\sage_results\rerun_20261003_frozen_v3\G26_ch3","bffc123c97af77f0a797f417d3866e9a34feab7729c5c1575352f53bc3571b9c",""
"run_20261003_F1023_V70_D0120_P9_G05_ch10","F1023_V70_D0120_P9","G05","10","NONE","PENDING","","","","","","","","","","","","","scenes\F1023_V70_D0120_P9\sage_results\rerun_20261003_frozen_v3\G05_ch10","bffc123c97af77f0a797f417d3866e9a34feab7729c5c1575352f53bc3571b9c",""
"run_20261003_F1023_V70_D0120_P9_G16_ch9","F1023_V70_D0120_P9","G16","9","NONE","PENDING","","","","","","","","","","","","","scenes\F1023_V70_D0120_P9\sage_results\rerun_20261003_frozen_v3\G16_ch9","bffc123c97af77f0a797f417d3866e9a34feab7729c5c1575352f53bc3571b9c",""
"run_20261003_F1023_V70_D0120_P9_G18_ch1","F1023_V70_D0120_P9","G18","1","NONE","PENDING","","","","","","","","","","","","","scenes\F1023_V70_D0120_P9\sage_results\rerun_20261003_frozen_v3\G18_ch1","bffc123c97af77f0a797f417d3866e9a34feab7729c5c1575352f53bc3571b9c",""
"run_20261003_F1023_V70_D0120_P9_G23_ch3","F1023_V70_D0120_P9","G23","3","NONE","PENDING","","","","","","","","","","","","","scenes\F1023_V70_D0120_P9\sage_results\rerun_20261003_frozen_v3\G23_ch3","bffc123c97af77f0a797f417d3866e9a34feab7729c5c1575352f53bc3571b9c",""
"run_20261003_F1023_V70_D0120_P9_G23_ch10","F1023_V70_D0120_P9","G23","10","NAV_MAPPING_VALID_TRACKING_START_LOG_MISSING","PENDING","","","","","","","","","","","","","scenes\F1023_V70_D0120_P9\sage_results\rerun_20261003_frozen_v3\G23_ch10","bffc123c97af77f0a797f417d3866e9a34feab7729c5c1575352f53bc3571b9c",""
"run_20261003_F1023_V70_D0120_P9_G26_ch6","F1023_V70_D0120_P9","G26","6","NONE","PENDING","","","","","","","","","","","","","scenes\F1023_V70_D0120_P9\sage_results\rerun_20261003_frozen_v3\G26_ch6","bffc123c97af77f0a797f417d3866e9a34feab7729c5c1575352f53bc3571b9c",""
"run_20261003_F1023_V70_D0120_P9_G27_ch5","F1023_V70_D0120_P9","G27","5","NONE","PENDING","","","","","","","","","","","","","scenes\F1023_V70_D0120_P9\sage_results\rerun_20261003_frozen_v3\G27_ch5","bffc123c97af77f0a797f417d3866e9a34feab7729c5c1575352f53bc3571b9c",""
"run_20261003_F1023_V70_D0120_P9_G28_ch11","F1023_V70_D0120_P9","G28","11","NONE","PENDING","","","","","","","","","","","","","scenes\F1023_V70_D0120_P9\sage_results\rerun_20261003_frozen_v3\G28_ch11","bffc123c97af77f0a797f417d3866e9a34feab7729c5c1575352f53bc3571b9c",""
"run_20261003_F1023_V70_D0120_P9_G29_ch4","F1023_V70_D0120_P9","G29","4","NONE","PENDING","","","","","","","","","","","","","scenes\F1023_V70_D0120_P9\sage_results\rerun_20261003_frozen_v3\G29_ch4","bffc123c97af77f0a797f417d3866e9a34feab7729c5c1575352f53bc3571b9c",""
"run_20261003_F1023_V70_D0120_P9_G31_ch7","F1023_V70_D0120_P9","G31","7","NONE","PENDING","","","","","","","","","","","","","scenes\F1023_V70_D0120_P9\sage_results\rerun_20261003_frozen_v3\G31_ch7","bffc123c97af77f0a797f417d3866e9a34feab7729c5c1575352f53bc3571b9c",""
"run_20261003_F1023_V70_D0122_P1_G12_ch6","F1023_V70_D0122_P1","G12","6","NONE","PENDING","","","","","","","","","","","","","scenes\F1023_V70_D0122_P1\sage_results\rerun_20261003_frozen_v3\G12_ch6","bffc123c97af77f0a797f417d3866e9a34feab7729c5c1575352f53bc3571b9c",""
"run_20261003_F1023_V70_D0122_P1_G13_ch5","F1023_V70_D0122_P1","G13","5","NONE","PENDING","","","","","","","","","","","","","scenes\F1023_V70_D0122_P1\sage_results\rerun_20261003_frozen_v3\G13_ch5","bffc123c97af77f0a797f417d3866e9a34feab7729c5c1575352f53bc3571b9c",""
"run_20261003_F1023_V70_D0122_P1_G14_ch9","F1023_V70_D0122_P1","G14","9","NONE","PENDING","","","","","","","","","","","","","scenes\F1023_V70_D0122_P1\sage_results\rerun_20261003_frozen_v3\G14_ch9","bffc123c97af77f0a797f417d3866e9a34feab7729c5c1575352f53bc3571b9c",""
"run_20261003_F1023_V70_D0122_P1_G15_ch8","F1023_V70_D0122_P1","G15","8","NONE","PENDING","","","","","","","","","","","","","scenes\F1023_V70_D0122_P1\sage_results\rerun_20261003_frozen_v3\G15_ch8","bffc123c97af77f0a797f417d3866e9a34feab7729c5c1575352f53bc3571b9c",""
"run_20261003_F1023_V70_D0122_P1_G17_ch2","F1023_V70_D0122_P1","G17","2","NONE","PENDING","","","","","","","","","","","","","scenes\F1023_V70_D0122_P1\sage_results\rerun_20261003_frozen_v3\G17_ch2","bffc123c97af77f0a797f417d3866e9a34feab7729c5c1575352f53bc3571b9c",""
"run_20261003_F1023_V70_D0122_P1_G19_ch11","F1023_V70_D0122_P1","G19","11","NONE","PENDING","","","","","","","","","","","","","scenes\F1023_V70_D0122_P1\sage_results\rerun_20261003_frozen_v3\G19_ch11","bffc123c97af77f0a797f417d3866e9a34feab7729c5c1575352f53bc3571b9c",""
"run_20261003_F1023_V70_D0122_P1_G22_ch4","F1023_V70_D0122_P1","G22","4","NONE","PENDING","","","","","","","","","","","","","scenes\F1023_V70_D0122_P1\sage_results\rerun_20261003_frozen_v3\G22_ch4","bffc123c97af77f0a797f417d3866e9a34feab7729c5c1575352f53bc3571b9c",""
"run_20261003_F1023_V70_D0122_P1_G24_ch7","F1023_V70_D0122_P1","G24","7","NONE","PENDING","","","","","","","","","","","","","scenes\F1023_V70_D0122_P1\sage_results\rerun_20261003_frozen_v3\G24_ch7","bffc123c97af77f0a797f417d3866e9a34feab7729c5c1575352f53bc3571b9c",""
"run_20261003_F1023_V70_D0122_P2_G10_ch6","F1023_V70_D0122_P2","G10","6","NONE","PENDING","","","","","","","","","","","","","scenes\F1023_V70_D0122_P2\sage_results\rerun_20261003_frozen_v3\G10_ch6","bffc123c97af77f0a797f417d3866e9a34feab7729c5c1575352f53bc3571b9c",""
"run_20261003_F1023_V70_D0122_P2_G12_ch2","F1023_V70_D0122_P2","G12","2","NONE","PENDING","","","","","","","","","","","","","scenes\F1023_V70_D0122_P2\sage_results\rerun_20261003_frozen_v3\G12_ch2","bffc123c97af77f0a797f417d3866e9a34feab7729c5c1575352f53bc3571b9c",""
"run_20261003_F1023_V70_D0122_P2_G13_ch5","F1023_V70_D0122_P2","G13","5","NONE","PENDING","","","","","","","","","","","","","scenes\F1023_V70_D0122_P2\sage_results\rerun_20261003_frozen_v3\G13_ch5","bffc123c97af77f0a797f417d3866e9a34feab7729c5c1575352f53bc3571b9c",""
"run_20261003_F1023_V70_D0122_P2_G15_ch8","F1023_V70_D0122_P2","G15","8","NONE","PENDING","","","","","","","","","","","","","scenes\F1023_V70_D0122_P2\sage_results\rerun_20261003_frozen_v3\G15_ch8","bffc123c97af77f0a797f417d3866e9a34feab7729c5c1575352f53bc3571b9c",""
"run_20261003_F1023_V70_D0122_P2_G19_ch11","F1023_V70_D0122_P2","G19","11","NONE","PENDING","","","","","","","","","","","","","scenes\F1023_V70_D0122_P2\sage_results\rerun_20261003_frozen_v3\G19_ch11","bffc123c97af77f0a797f417d3866e9a34feab7729c5c1575352f53bc3571b9c",""
"run_20261003_F1023_V70_D0122_P2_G23_ch10","F1023_V70_D0122_P2","G23","10","NONE","PENDING","","","","","","","","","","","","","scenes\F1023_V70_D0122_P2\sage_results\rerun_20261003_frozen_v3\G23_ch10","bffc123c97af77f0a797f417d3866e9a34feab7729c5c1575352f53bc3571b9c",""
"run_20261003_F1023_V70_D0122_P2_G24_ch3","F1023_V70_D0122_P2","G24","3","NONE","PENDING","","","","","","","","","","","","","scenes\F1023_V70_D0122_P2\sage_results\rerun_20261003_frozen_v3\G24_ch3","bffc123c97af77f0a797f417d3866e9a34feab7729c5c1575352f53bc3571b9c",""
"run_20261003_F1023_V80_D0117_P8_G12_ch4","F1023_V80_D0117_P8","G12","4","NONE","PENDING","","","","","","","","","","","","","scenes\F1023_V80_D0117_P8\sage_results\rerun_20261003_frozen_v3\G12_ch4","bffc123c97af77f0a797f417d3866e9a34feab7729c5c1575352f53bc3571b9c",""
"run_20261003_F1023_V80_D0117_P8_G25_ch10","F1023_V80_D0117_P8","G25","10","NONE","PENDING","","","","","","","","","","","","","scenes\F1023_V80_D0117_P8\sage_results\rerun_20261003_frozen_v3\G25_ch10","bffc123c97af77f0a797f417d3866e9a34feab7729c5c1575352f53bc3571b9c",""
"run_20261003_F1023_V80_D0117_P8_G28_ch6","F1023_V80_D0117_P8","G28","6","NONE","PENDING","","","","","","","","","","","","","scenes\F1023_V80_D0117_P8\sage_results\rerun_20261003_frozen_v3\G28_ch6","bffc123c97af77f0a797f417d3866e9a34feab7729c5c1575352f53bc3571b9c",""
"run_20261003_F1023_V80_D0117_P8_G29_ch9","F1023_V80_D0117_P8","G29","9","NAV_MAPPING_VALID_TRACKING_START_LOG_MISSING","PENDING","","","","","","","","","","","","","scenes\F1023_V80_D0117_P8\sage_results\rerun_20261003_frozen_v3\G29_ch9","bffc123c97af77f0a797f417d3866e9a34feab7729c5c1575352f53bc3571b9c",""
"run_20261003_F1023_V80_D0117_P8_G31_ch1","F1023_V80_D0117_P8","G31","1","NONE","PENDING","","","","","","","","","","","","","scenes\F1023_V80_D0117_P8\sage_results\rerun_20261003_frozen_v3\G31_ch1","bffc123c97af77f0a797f417d3866e9a34feab7729c5c1575352f53bc3571b9c",""
"run_20261003_F1023_V80_D0117_P8_G32_ch11","F1023_V80_D0117_P8","G32","11","NONE","PENDING","","","","","","","","","","","","","scenes\F1023_V80_D0117_P8\sage_results\rerun_20261003_frozen_v3\G32_ch11","bffc123c97af77f0a797f417d3866e9a34feab7729c5c1575352f53bc3571b9c",""
"run_20261003_F1023_v90_D0117_P7_G11_ch6","F1023_v90_D0117_P7","G11","6","NONE","PENDING","","","","","","","","","","","","","scenes\F1023_v90_D0117_P7\sage_results\rerun_20261003_frozen_v3\G11_ch6","bffc123c97af77f0a797f417d3866e9a34feab7729c5c1575352f53bc3571b9c",""
"run_20261003_F1023_v90_D0117_P7_G12_ch10","F1023_v90_D0117_P7","G12","10","NONE","PENDING","","","","","","","","","","","","","scenes\F1023_v90_D0117_P7\sage_results\rerun_20261003_frozen_v3\G12_ch10","bffc123c97af77f0a797f417d3866e9a34feab7729c5c1575352f53bc3571b9c",""
"run_20261003_F1023_v90_D0117_P7_G25_ch0","F1023_v90_D0117_P7","G25","0","NONE","PENDING","","","","","","","","","","","","","scenes\F1023_v90_D0117_P7\sage_results\rerun_20261003_frozen_v3\G25_ch0","bffc123c97af77f0a797f417d3866e9a34feab7729c5c1575352f53bc3571b9c",""
"run_20261003_F1023_v90_D0117_P7_G28_ch4","F1023_v90_D0117_P7","G28","4","NONE","PENDING","","","","","","","","","","","","","scenes\F1023_v90_D0117_P7\sage_results\rerun_20261003_frozen_v3\G28_ch4","bffc123c97af77f0a797f417d3866e9a34feab7729c5c1575352f53bc3571b9c",""
"run_20261003_F1023_v90_D0117_P7_G29_ch11","F1023_v90_D0117_P7","G29","11","NONE","PENDING","","","","","","","","","","","","","scenes\F1023_v90_D0117_P7\sage_results\rerun_20261003_frozen_v3\G29_ch11","bffc123c97af77f0a797f417d3866e9a34feab7729c5c1575352f53bc3571b9c",""
"run_20261003_F1023_v90_D0117_P7_G32_ch5","F1023_v90_D0117_P7","G32","5","NONE","PENDING","","","","","","","","","","","","","scenes\F1023_v90_D0117_P7\sage_results\rerun_20261003_frozen_v3\G32_ch5","bffc123c97af77f0a797f417d3866e9a34feab7729c5c1575352f53bc3571b9c",""
