"asset_id","asset_class","original_path","size_bytes","modified_time","extension","candidate_status","candidate_role","submission_link_verified","sha256_available","existing_sha256","notes"
"PAP-0001","SUBMISSION_PDF_CANDIDATE","E:\GNSS_Multipath_Project\docs\vtc2027_spring\submission\VTC2027_Spring_submission_candidate.pdf","232686","2026-08-16 14:17:58",".pdf","UNKNOWN","Candidate in submission directory","NO","NOT_RECOMPUTED_PHASE_A","","No receipt or exact submitted-file link found."
"PAP-0002","SUBMISSION_AUDIT","E:\GNSS_Multipath_Project\docs\vtc2027_spring\submission\VTC2027_SUBMISSION_REQUIREMENTS_AUDIT.md","14402","2026-08-16 02:26:46",".md","HISTORICAL","Submission status evidence","NO","NOT_RECOMPUTED_PHASE_A","","Audit says no submission attempt; conflicts with user-attested submission."
"PAP-0003","REQUIREMENTS","E:\GNSS_Multipath_Project\docs\vtc2027_spring\submission\SUBMISSION_REQUIREMENTS.md","3771","2026-08-14 11:54:00",".md","CURRENT","Submission requirements","NO","NOT_RECOMPUTED_PHASE_A","","Not proof of submission."
"PAP-0004","PAGE_BUDGET","E:\GNSS_Multipath_Project\docs\vtc2027_spring\submission\PAGE_BUDGET.md","1139","2026-08-14 11:54:02",".md","CURRENT","Page budget","NO","NOT_RECOMPUTED_PHASE_A","","Planning only."
"PAP-0005","MANUSCRIPT_SOURCE","E:\GNSS_Multipath_Project\docs\vtc2027_spring\manuscript\latex\main.tex","16279","2026-08-31 21:18:58",".tex","CURRENT","Formal source","NO","NOT_RECOMPUTED_PHASE_A","","Current as of 2026-08-31; pairing to submitted PDF unverified."
"PAP-0006","BIBLIOGRAPHY","E:\GNSS_Multipath_Project\docs\vtc2027_spring\manuscript\latex\references.bib","3817","2026-08-26 10:52:06",".bib","CURRENT","Formal source","NO","NOT_RECOMPUTED_PHASE_A","","Submitted source pairing unverified."
"PAP-0007","PDF_CANDIDATE","E:\GNSS_Multipath_Project\docs\vtc2027_spring\manuscript\latex\main.pdf","305881","2026-08-31 21:35:44",".pdf","UNKNOWN","Compiled PDF candidate","NO","NOT_RECOMPUTED_PHASE_A","","No submission receipt establishes it."
"PAP-0008","PDF_CANDIDATE","E:\GNSS_Multipath_Project\docs\vtc2027_spring\manuscript\latex\main_formal_language_final_20260831.pdf","305576","2026-08-31 20:40:40",".pdf","UNKNOWN","2026-08-31 PDF candidate","NO","NOT_RECOMPUTED_PHASE_A","","No receipt establishes it."
"PAP-0009","PDF_CANDIDATE","E:\GNSS_Multipath_Project\docs\vtc2027_spring\manuscript\latex\main_layout_final_20260831.pdf","305881","2026-08-31 21:32:16",".pdf","UNKNOWN","2026-08-31 PDF candidate","NO","NOT_RECOMPUTED_PHASE_A","","No receipt establishes it."
"PAP-0010","FIGURE_CANDIDATE","E:\GNSS_Multipath_Project\docs\vtc2027_spring\figures\figure1_multisatellite.pdf","32711","2026-08-31 09:53:08",".pdf","CURRENT","Referenced by current main.tex","NO","NOT_RECOMPUTED_PHASE_A","","Manifest dated 2026-08-22 does not bind it."
"PAP-0011","FIGURE_CANDIDATE","E:\GNSS_Multipath_Project\docs\vtc2027_spring\figures\conditional_empirical_vs_model_pdf_environment_elevation.pdf","41636","2026-08-31 17:34:52",".pdf","CURRENT","Referenced by current main.tex","NO","NOT_RECOMPUTED_PHASE_A","","Figure provenance not established by current manifest."
"PAP-0012","FIGURE_CANDIDATE","E:\GNSS_Multipath_Project\docs\vtc2027_spring\figures\conditional_joint_delay_power.pdf","55151","2026-08-31 19:23:30",".pdf","CURRENT","Referenced by current main.tex","NO","NOT_RECOMPUTED_PHASE_A","","Figure provenance not established by current manifest."
"PAP-0013","FIGURE_MANIFEST","E:\GNSS_Multipath_Project\docs\vtc2027_spring\figures\figure_generation_manifest.json","23453","2026-08-22 23:38:02",".json","HISTORICAL","Figure provenance reference","NO","NOT_RECOMPUTED_PHASE_A","","Dated 2026-08-22; does not cover current figures."
"PAP-0014","VTC_PLAN","E:\GNSS_Multipath_Project\docs\vtc2027_spring\VTC_PLAN.md","12206","2026-08-31 18:41:26",".md","HISTORICAL","VTC plan","NO","NOT_RECOMPUTED_PHASE_A","","Submission remains planned after deadline."
"PAP-0015","EVIDENCE_MATRIX","E:\GNSS_Multipath_Project\docs\vtc2027_spring\EVIDENCE_MATRIX.md","21768","2026-08-31 17:59:42",".md","CURRENT","Paper evidence","NO","NOT_RECOMPUTED_PHASE_A","","Current evidence ledger."
"PAP-0016","OUTLINE","E:\GNSS_Multipath_Project\docs\vtc2027_spring\MANUSCRIPT_OUTLINE.md","3709","2026-08-14 11:57:40",".md","CURRENT","Paper structure","NO","NOT_RECOMPUTED_PHASE_A","","Not submission proof."
"PAP-0017","FIGURE_TABLE_PLAN","E:\GNSS_Multipath_Project\docs\vtc2027_spring\FIGURE_TABLE_PLAN.md","4036","2026-08-17 10:35:26",".md","HISTORICAL","Figure/table plan","NO","NOT_RECOMPUTED_PHASE_A","","Does not map current figures one-to-one."
"PAP-0018","VTC_QUEUE","E:\GNSS_Multipath_Project\docs\vtc2027_spring\VTC_PRODUCTION_PRIORITY_QUEUE.md","26081","2026-08-15 23:21:44",".md","HISTORICAL","Evidence plan","NO","NOT_RECOMPUTED_PHASE_A","","No production authorized."
"PAP-0019","PAPER_HANDOFF","E:\GNSS_Multipath_Project\docs\GNSS_SAGE_PAPER_HANDOFF_CURRENT.md","146947","2026-09-15 00:32:42",".md","AUTHORITATIVE","Paper status source","NO","NOT_RECOMPUTED_PHASE_A","","Says not submitted; conflicts with user-attested submission."
"PAP-0020","PAPER_INDEX","E:\GNSS_Multipath_Project\docs\PAPER_WORKSPACE_INDEX.md","32882","2026-08-31 17:59:44",".md","CURRENT","Asset navigation","NO","NOT_RECOMPUTED_PHASE_A","","Not a status source."
"PAP-0021","VTC_HANDOFF","E:\GNSS_Multipath_Project\docs\GNSS_SAGE_VTC_WRITING_HANDOFF_CURRENT.md","49765","2026-09-15 00:32:42",".md","HISTORICAL","VTC continuity","NO","NOT_RECOMPUTED_PHASE_A","","Says author review/no submission; 2026-08-17."
"PAP-0022","RESULT_CONTEXT","E:\GNSS_Multipath_Project\docs\vtc2027_spring\supplemental_data_outputs\urban_mountain_stage3_elevation_model_review_v3_conditional_gmm\README.md","2274","2026-08-31 17:59:42",".md","CURRENT","Model context","NO","NOT_RECOMPUTED_PHASE_A","","Use in submission unverified."
"PAP-0023","RESULT_CANDIDATE","E:\GNSS_Multipath_Project\docs\vtc2027_spring\supplemental_data_outputs\urban_mountain_stage3_elevation_model_review_v3_conditional_gmm\model\selected_conditional_gmm.json","5609","2026-08-31 16:56:02",".json","CURRENT","Model candidate","NO","NOT_RECOMPUTED_PHASE_A","","Figure-to-model binding unresolved."
"PAP-0024","RESULT_QA","E:\GNSS_Multipath_Project\docs\vtc2027_spring\supplemental_data_outputs\urban_mountain_stage3_elevation_model_review_v3_conditional_gmm\qa\independent_qa_report.md","1219","2026-08-31 17:02:28",".md","CURRENT","QA context","NO","NOT_RECOMPUTED_PHASE_A","","PASS_WITH_LIMITATIONS per evidence record; submission usage unverified."
"PAP-0025","ISOLATED_REVIEW_COPY","E:\GNSS_Multipath_Project\docs\vtc2027_spring\supplemental_data_outputs\channel_model_scientific_risk_text_revision_review_20260913_layout_cleanup_20260915\manuscript\latex\main.tex","19336","2026-09-17 15:44:22",".tex","DIAGNOSTIC_ONLY","Separate review source","NO","NOT_RECOMPUTED_PHASE_A","","Modified worktree copy says formal manuscript not modified."
"PAP-0026","LAYOUT_VARIANT","E:\GNSS_Multipath_Project\docs\vtc2027_spring\manuscript\latex\main_layout_clear_before_refs_20260831.tex","16279","2026-08-31 21:34:20",".tex","HISTORICAL","Unsubmitted source variant","NO","NOT_RECOMPUTED_PHASE_A","","No receipt binds this file."
"PAP-0027","LAYOUT_VARIANT","E:\GNSS_Multipath_Project\docs\vtc2027_spring\manuscript\latex\main_layout_fig3bottom_barrier_20260831.tex","16303","2026-08-31 21:38:16",".tex","HISTORICAL","Unsubmitted source variant","NO","NOT_RECOMPUTED_PHASE_A","","No receipt binds this file."
